[2026-04-07 18:32:47Z INFO HostContext] No proxy settings were found based on environmental variables (http_proxy/https_proxy/HTTP_PROXY/HTTPS_PROXY)
[2026-04-07 18:32:47Z INFO HostContext] Well known directory 'Bin': 'C:\Users\sjlee\OneDrive\Desktop\오픈소스\actions-runner\bin'
[2026-04-07 18:32:47Z INFO HostContext] Well known directory 'Root': 'C:\Users\sjlee\OneDrive\Desktop\오픈소스\actions-runner'
[2026-04-07 18:32:47Z INFO HostContext] Well known config file 'Credentials': 'C:\Users\sjlee\OneDrive\Desktop\오픈소스\actions-runner\.credentials'
[2026-04-07 18:32:47Z INFO HostContext] Well known directory 'Bin': 'C:\Users\sjlee\OneDrive\Desktop\오픈소스\actions-runner\bin'
[2026-04-07 18:32:47Z INFO HostContext] Well known directory 'Root': 'C:\Users\sjlee\OneDrive\Desktop\오픈소스\actions-runner'
[2026-04-07 18:32:47Z INFO HostContext] Well known config file 'Runner': 'C:\Users\sjlee\OneDrive\Desktop\오픈소스\actions-runner\.runner'
[2026-04-07 18:32:47Z INFO Listener] Runner is built for Windows (X64) - win-x64.
[2026-04-07 18:32:47Z INFO Listener] RuntimeInformation: Microsoft Windows 10.0.26200.
[2026-04-07 18:32:47Z INFO Listener] Version: 2.333.1
[2026-04-07 18:32:47Z INFO Listener] Commit: 6792966801e8925346735b68c03bf9f347af4646
[2026-04-07 18:32:47Z INFO Listener] Culture: ko-KR
[2026-04-07 18:32:47Z INFO Listener] UI Culture: ko-KR
[2026-04-07 18:32:47Z INFO HostContext] Well known directory 'Bin': 'C:\Users\sjlee\OneDrive\Desktop\오픈소스\actions-runner\bin'
[2026-04-07 18:32:47Z INFO HostContext] Well known directory 'Root': 'C:\Users\sjlee\OneDrive\Desktop\오픈소스\actions-runner'
[2026-04-07 18:32:47Z INFO Listener] Validating directory permissions for: 'C:\Users\sjlee\OneDrive\Desktop\오픈소스\actions-runner'
[2026-04-07 18:32:47Z INFO CommandLineParser] Parse
[2026-04-07 18:32:47Z INFO CommandLineParser] Parsing 1 args
[2026-04-07 18:32:47Z INFO CommandLineParser] parsing argument
[2026-04-07 18:32:47Z INFO CommandLineParser] HasArgs: False
[2026-04-07 18:32:47Z INFO CommandLineParser] Adding Command: run
[2026-04-07 18:32:47Z INFO Listener] Arguments parsed
[2026-04-07 18:32:47Z INFO Runner] ExecuteCommand
[2026-04-07 18:32:47Z INFO ConfigurationStore] currentAssemblyLocation: C:\Users\sjlee\OneDrive\Desktop\오픈소스\actions-runner\bin\Runner.Listener.dll
[2026-04-07 18:32:47Z INFO HostContext] Well known directory 'Bin': 'C:\Users\sjlee\OneDrive\Desktop\오픈소스\actions-runner\bin'
[2026-04-07 18:32:47Z INFO ConfigurationStore] binPath: C:\Users\sjlee\OneDrive\Desktop\오픈소스\actions-runner\bin
[2026-04-07 18:32:47Z INFO HostContext] Well known directory 'Bin': 'C:\Users\sjlee\OneDrive\Desktop\오픈소스\actions-runner\bin'
[2026-04-07 18:32:47Z INFO HostContext] Well known directory 'Root': 'C:\Users\sjlee\OneDrive\Desktop\오픈소스\actions-runner'
[2026-04-07 18:32:47Z INFO ConfigurationStore] RootFolder: C:\Users\sjlee\OneDrive\Desktop\오픈소스\actions-runner
[2026-04-07 18:32:47Z INFO HostContext] Well known directory 'Bin': 'C:\Users\sjlee\OneDrive\Desktop\오픈소스\actions-runner\bin'
[2026-04-07 18:32:47Z INFO HostContext] Well known directory 'Root': 'C:\Users\sjlee\OneDrive\Desktop\오픈소스\actions-runner'
[2026-04-07 18:32:47Z INFO HostContext] Well known config file 'Runner': 'C:\Users\sjlee\OneDrive\Desktop\오픈소스\actions-runner\.runner'
[2026-04-07 18:32:47Z INFO ConfigurationStore] ConfigFilePath: C:\Users\sjlee\OneDrive\Desktop\오픈소스\actions-runner\.runner
[2026-04-07 18:32:47Z INFO HostContext] Well known directory 'Bin': 'C:\Users\sjlee\OneDrive\Desktop\오픈소스\actions-runner\bin'
[2026-04-07 18:32:47Z INFO HostContext] Well known directory 'Root': 'C:\Users\sjlee\OneDrive\Desktop\오픈소스\actions-runner'
[2026-04-07 18:32:47Z INFO HostContext] Well known config file 'MigratedRunner': 'C:\Users\sjlee\OneDrive\Desktop\오픈소스\actions-runner\.runner_migrated'
[2026-04-07 18:32:47Z INFO ConfigurationStore] MigratedConfigFilePath: C:\Users\sjlee\OneDrive\Desktop\오픈소스\actions-runner\.runner_migrated
[2026-04-07 18:32:47Z INFO HostContext] Well known directory 'Bin': 'C:\Users\sjlee\OneDrive\Desktop\오픈소스\actions-runner\bin'
[2026-04-07 18:32:47Z INFO HostContext] Well known directory 'Root': 'C:\Users\sjlee\OneDrive\Desktop\오픈소스\actions-runner'
[2026-04-07 18:32:47Z INFO HostContext] Well known config file 'Credentials': 'C:\Users\sjlee\OneDrive\Desktop\오픈소스\actions-runner\.credentials'
[2026-04-07 18:32:47Z INFO ConfigurationStore] CredFilePath: C:\Users\sjlee\OneDrive\Desktop\오픈소스\actions-runner\.credentials
[2026-04-07 18:32:47Z INFO HostContext] Well known directory 'Bin': 'C:\Users\sjlee\OneDrive\Desktop\오픈소스\actions-runner\bin'
[2026-04-07 18:32:47Z INFO HostContext] Well known directory 'Root': 'C:\Users\sjlee\OneDrive\Desktop\오픈소스\actions-runner'
[2026-04-07 18:32:47Z INFO HostContext] Well known config file 'MigratedCredentials': 'C:\Users\sjlee\OneDrive\Desktop\오픈소스\actions-runner\.credentials_migrated'
[2026-04-07 18:32:47Z INFO ConfigurationStore] MigratedCredFilePath: C:\Users\sjlee\OneDrive\Desktop\오픈소스\actions-runner\.credentials_migrated
[2026-04-07 18:32:47Z INFO HostContext] Well known directory 'Bin': 'C:\Users\sjlee\OneDrive\Desktop\오픈소스\actions-runner\bin'
[2026-04-07 18:32:47Z INFO HostContext] Well known directory 'Root': 'C:\Users\sjlee\OneDrive\Desktop\오픈소스\actions-runner'
[2026-04-07 18:32:47Z INFO HostContext] Well known config file 'Service': 'C:\Users\sjlee\OneDrive\Desktop\오픈소스\actions-runner\.service'
[2026-04-07 18:32:47Z INFO ConfigurationStore] ServiceConfigFilePath: C:\Users\sjlee\OneDrive\Desktop\오픈소스\actions-runner\.service
[2026-04-07 18:32:47Z INFO CommandSettings] Flag 'help': 'False'
[2026-04-07 18:32:47Z INFO CommandSettings] Flag 'version': 'False'
[2026-04-07 18:32:47Z INFO CommandSettings] Flag 'commit': 'False'
[2026-04-07 18:32:47Z INFO CommandSettings] Flag 'check': 'False'
[2026-04-07 18:32:47Z INFO CommandSettings] Command 'configure': 'False'
[2026-04-07 18:32:47Z INFO CommandSettings] Command 'remove': 'False'
[2026-04-07 18:32:47Z INFO CommandSettings] Command 'warmup': 'False'
[2026-04-07 18:32:47Z INFO ConfigurationManager] LoadSettings
[2026-04-07 18:32:47Z INFO ConfigurationStore] IsConfigured()
[2026-04-07 18:32:47Z INFO ConfigurationStore] IsConfigured: True
[2026-04-07 18:32:47Z INFO ConfigurationManager] Is configured: True
[2026-04-07 18:32:47Z INFO ConfigurationStore] Read setting file: 387 chars
[2026-04-07 18:32:47Z INFO ConfigurationManager] Settings Loaded
[2026-04-07 18:32:47Z INFO ConfigurationStore] IsServiceConfigured()
[2026-04-07 18:32:47Z INFO ConfigurationStore] IsServiceConfigured: False
[2026-04-07 18:32:47Z INFO CommandSettings] Command 'run': 'True'
[2026-04-07 18:32:47Z INFO ConfigurationStore] IsConfigured()
[2026-04-07 18:32:47Z INFO ConfigurationStore] IsConfigured: True
[2026-04-07 18:32:47Z INFO ConfigurationManager] Is configured: True
[2026-04-07 18:32:47Z INFO Runner] Could not parse the argument value '' for StartupType. Defaulting to Manual
[2026-04-07 18:32:47Z INFO Runner] Set runner startup type - Manual
[2026-04-07 18:32:47Z INFO CommandSettings] Flag 'once': 'False'
[2026-04-07 18:32:47Z INFO CommandSettings] Flag 'once': 'False'
[2026-04-07 18:32:47Z INFO Runner] RunAsync
[2026-04-07 18:32:47Z INFO HostContext] Well known directory 'Bin': 'C:\Users\sjlee\OneDrive\Desktop\오픈소스\actions-runner\bin'
[2026-04-07 18:32:47Z INFO HostContext] Well known directory 'Root': 'C:\Users\sjlee\OneDrive\Desktop\오픈소스\actions-runner'
[2026-04-07 18:32:47Z INFO HostContext] Well known directory 'Work': 'C:\Users\sjlee\OneDrive\Desktop\오픈소스\actions-runner\_work'
[2026-04-07 18:32:47Z INFO Runner] Validating directory permissions for: 'C:\Users\sjlee\OneDrive\Desktop\오픈소스\actions-runner\_work'
[2026-04-07 18:32:47Z INFO ConfigurationManager] LoadMigratedSettings
[2026-04-07 18:32:47Z INFO ConfigurationStore] IsMigratedConfigured()
[2026-04-07 18:32:47Z INFO ConfigurationStore] IsMigratedConfigured: False
[2026-04-07 18:32:47Z INFO Runner] Failed to load migrated settings: No migrated configuration found.
[2026-04-07 18:32:47Z INFO Runner] Falling back to original .runner settings
[2026-04-07 18:32:47Z INFO Runner] Using BrokerMessageListener
[2026-04-07 18:32:47Z INFO BrokerMessageListener] Using provided settings
[2026-04-07 18:32:47Z INFO BrokerMessageListener] {
  "AgentId": 2,
  "AgentName": "SJ_LEE",
  "PoolId": 1,
  "PoolName": "Default",
  "ServerUrl": "https://pipelinesghubeus25.actions.githubusercontent.com/yR5dhGzQsSLSroZkntYqHJ7i2Ax8Pmep2wlsBK01sqrl0xHB9s/",
  "GitHubUrl": "https://github.com/SJLee-03/Homework",
  "WorkFolder": "_work",
  "UseV2Flow": true,
  "ServerUrlV2": "https://broker.actions.githubusercontent.com/"
}
[2026-04-07 18:32:47Z INFO BrokerMessageListener] Loading Credentials
[2026-04-07 18:32:47Z INFO ConfigurationStore] HasCredentials()
[2026-04-07 18:32:47Z INFO ConfigurationStore] stored True
[2026-04-07 18:32:47Z INFO CredentialManager] GetCredentialProvider
[2026-04-07 18:32:47Z INFO CredentialManager] Creating type OAuth
[2026-04-07 18:32:47Z INFO CredentialManager] Creating credential type: OAuth
[2026-04-07 18:32:47Z INFO HostContext] Well known directory 'Bin': 'C:\Users\sjlee\OneDrive\Desktop\오픈소스\actions-runner\bin'
[2026-04-07 18:32:47Z INFO HostContext] Well known directory 'Root': 'C:\Users\sjlee\OneDrive\Desktop\오픈소스\actions-runner'
[2026-04-07 18:32:47Z INFO HostContext] Well known config file 'RSACredentials': 'C:\Users\sjlee\OneDrive\Desktop\오픈소스\actions-runner\.credentials_rsaparams'
[2026-04-07 18:32:47Z INFO RSAEncryptedFileKeyManager] Loading RSA key parameters from file C:\Users\sjlee\OneDrive\Desktop\오픈소스\actions-runner\.credentials_rsaparams
[2026-04-07 18:32:47Z INFO BrokerMessageListener] Attempt to create session.
[2026-04-07 18:32:47Z INFO BrokerMessageListener] Connecting to the Broker Server...
[2026-04-07 18:32:47Z INFO ConfigurationStore] HasCredentials()
[2026-04-07 18:32:47Z INFO ConfigurationStore] stored True
[2026-04-07 18:32:47Z INFO CredentialManager] GetCredentialProvider
[2026-04-07 18:32:47Z INFO CredentialManager] Creating type OAuth
[2026-04-07 18:32:47Z INFO CredentialManager] Creating credential type: OAuth
[2026-04-07 18:32:47Z INFO RSAEncryptedFileKeyManager] Loading RSA key parameters from file C:\Users\sjlee\OneDrive\Desktop\오픈소스\actions-runner\.credentials_rsaparams
[2026-04-07 18:32:47Z INFO BrokerMessageListener] VssConnection created
[2026-04-07 18:32:47Z INFO BrokerMessageListener] Connecting to the Runner server...
[2026-04-07 18:32:47Z INFO RunnerServer] EstablishVssConnection
[2026-04-07 18:32:47Z INFO RunnerServer] Establish connection with 100 seconds timeout.
[2026-04-07 18:32:47Z INFO GitHubActionsService] Starting operation Location.GetConnectionData
[2026-04-07 18:32:47Z INFO RunnerServer] EstablishVssConnection
[2026-04-07 18:32:47Z INFO RunnerServer] Establish connection with 60 seconds timeout.
[2026-04-07 18:32:47Z INFO GitHubActionsService] Starting operation Location.GetConnectionData
[2026-04-07 18:32:47Z INFO RunnerServer] EstablishVssConnection
[2026-04-07 18:32:47Z INFO RunnerServer] Establish connection with 60 seconds timeout.
[2026-04-07 18:32:47Z INFO GitHubActionsService] Starting operation Location.GetConnectionData
[2026-04-07 18:32:48Z INFO GitHubActionsService] Finished operation Location.GetConnectionData
[2026-04-07 18:32:48Z INFO GitHubActionsService] Finished operation Location.GetConnectionData
[2026-04-07 18:32:48Z INFO GitHubActionsService] Finished operation Location.GetConnectionData
[2026-04-07 18:32:48Z INFO BrokerMessageListener] VssConnection created
[2026-04-07 18:32:48Z INFO Terminal] WRITE LINE: 
[2026-04-07 18:32:48Z INFO Terminal] WRITE LINE: 
[2026-04-07 18:32:48Z INFO RSAEncryptedFileKeyManager] Loading RSA key parameters from file C:\Users\sjlee\OneDrive\Desktop\오픈소스\actions-runner\.credentials_rsaparams
[2026-04-07 18:32:48Z INFO RSAEncryptedFileKeyManager] Loading RSA key parameters from file C:\Users\sjlee\OneDrive\Desktop\오픈소스\actions-runner\.credentials_rsaparams
[2026-04-07 18:32:49Z INFO GitHubActionsService] AAD Correlation ID for this token request: Unknown
[2026-04-07 18:32:50Z INFO BrokerMessageListener] Session created.
[2026-04-07 18:32:50Z INFO Terminal] WRITE LINE: Current runner version: '2.333.1'
[2026-04-07 18:32:50Z INFO Terminal] WRITE LINE: 2026-04-07 18:32:50Z: Listening for Jobs
[2026-04-07 18:32:50Z INFO JobDispatcher] Set runner/worker IPC timeout to 30 seconds.
[2026-04-07 18:33:54Z INFO BrokerMessageListener] Acknowledging runner request '3299f5fb-ec74-5a79-a45a-25ff0ab95677'.
[2026-04-07 18:33:55Z INFO ConfigurationStore] HasCredentials()
[2026-04-07 18:33:55Z INFO ConfigurationStore] stored True
[2026-04-07 18:33:55Z INFO CredentialManager] GetCredentialProvider
[2026-04-07 18:33:55Z INFO CredentialManager] Creating type OAuth
[2026-04-07 18:33:55Z INFO CredentialManager] Creating credential type: OAuth
[2026-04-07 18:33:55Z INFO RSAEncryptedFileKeyManager] Loading RSA key parameters from file C:\Users\sjlee\OneDrive\Desktop\오픈소스\actions-runner\.credentials_rsaparams
[2026-04-07 18:33:55Z INFO RSAEncryptedFileKeyManager] Loading RSA key parameters from file C:\Users\sjlee\OneDrive\Desktop\오픈소스\actions-runner\.credentials_rsaparams
[2026-04-07 18:33:55Z INFO RSAEncryptedFileKeyManager] Loading RSA key parameters from file C:\Users\sjlee\OneDrive\Desktop\오픈소스\actions-runner\.credentials_rsaparams
[2026-04-07 18:33:55Z INFO GitHubActionsService] AAD Correlation ID for this token request: Unknown
[2026-04-07 18:33:57Z INFO JobDispatcher] Job request 0 for plan c16eca5a-dee2-4ad9-b218-291e1410b4ec job 3299f5fb-ec74-5a79-a45a-25ff0ab95677 received.
[2026-04-07 18:33:57Z INFO JobDispatcher] Pull OrchestrationId c16eca5a-dee2-4ad9-b218-291e1410b4ec.deploy.__default from JWT claims
[2026-04-07 18:33:57Z INFO BrokerMessageListener] Received job status event. JobState: Busy
[2026-04-07 18:33:57Z INFO BrokerMessageListener] _getMessagesTokenSource is already disposed.
[2026-04-07 18:33:57Z INFO Terminal] WRITE LINE: 2026-04-07 18:33:57Z: Running job: deploy
[2026-04-07 18:33:57Z INFO JobDispatcher] Start renew job request 0 for job 3299f5fb-ec74-5a79-a45a-25ff0ab95677.
[2026-04-07 18:33:57Z INFO JobDispatcher] Successfully renew job 3299f5fb-ec74-5a79-a45a-25ff0ab95677, job is valid till 2026-04-07 오후 6:43:57
[2026-04-07 18:33:57Z INFO HostContext] Well known directory 'Bin': 'C:\Users\sjlee\OneDrive\Desktop\오픈소스\actions-runner\bin'
[2026-04-07 18:33:57Z INFO ProcessInvokerWrapper] Starting process:
[2026-04-07 18:33:57Z INFO ProcessInvokerWrapper]   File name: 'C:\Users\sjlee\OneDrive\Desktop\오픈소스\actions-runner\bin\Runner.Worker.exe'
[2026-04-07 18:33:57Z INFO ProcessInvokerWrapper]   Arguments: 'spawnclient 1936 1392'
[2026-04-07 18:33:57Z INFO ProcessInvokerWrapper]   Working directory: 'C:\Users\sjlee\OneDrive\Desktop\오픈소스\actions-runner\bin'
[2026-04-07 18:33:57Z INFO ProcessInvokerWrapper]   Require exit code zero: 'False'
[2026-04-07 18:33:57Z INFO ProcessInvokerWrapper]   Encoding web name:  ; code page: ''
[2026-04-07 18:33:57Z INFO ProcessInvokerWrapper]   Force kill process on cancellation: 'True'
[2026-04-07 18:33:57Z INFO ProcessInvokerWrapper]   Redirected STDIN: 'False'
[2026-04-07 18:33:57Z INFO ProcessInvokerWrapper]   Persist current code page: 'False'
[2026-04-07 18:33:57Z INFO ProcessInvokerWrapper]   Keep redirected STDIN open: 'False'
[2026-04-07 18:33:57Z INFO ProcessInvokerWrapper]   High priority process: 'True'
[2026-04-07 18:33:57Z INFO ProcessInvokerWrapper] Process started with process id 21784, waiting for process exit.
[2026-04-07 18:33:57Z INFO JobDispatcher] Send job request message to worker for job 3299f5fb-ec74-5a79-a45a-25ff0ab95677.
[2026-04-07 18:33:57Z INFO ProcessChannel] Sending message of length 20701, with hash 'f1d54d1274e46fd493f709413d5ed915cc66c9c0c5695f866d82fb91b80a1a77'
[2026-04-07 18:33:58Z INFO JobNotification] Entering JobStarted Notification
[2026-04-07 18:33:58Z INFO JobNotification] Entering StartMonitor
[2026-04-07 18:34:04Z INFO ProcessInvokerWrapper] STDOUT/STDERR stream read finished.
[2026-04-07 18:34:04Z INFO ProcessInvokerWrapper] STDOUT/STDERR stream read finished.
[2026-04-07 18:34:04Z INFO ProcessInvokerWrapper] Finished process 21784 with exit code 102, and elapsed time 00:00:06.7152180.
[2026-04-07 18:34:04Z INFO JobDispatcher] Worker finished for job 3299f5fb-ec74-5a79-a45a-25ff0ab95677. Code: 102
[2026-04-07 18:34:04Z INFO JobDispatcher] finish job request for job 3299f5fb-ec74-5a79-a45a-25ff0ab95677 with result: Failed
[2026-04-07 18:34:04Z INFO Terminal] WRITE LINE: 2026-04-07 18:34:04Z: Job deploy completed with result: Failed
[2026-04-07 18:34:04Z INFO JobDispatcher] Stop renew job request for job 3299f5fb-ec74-5a79-a45a-25ff0ab95677.
[2026-04-07 18:34:04Z INFO JobDispatcher] job renew has been cancelled, stop renew job 3299f5fb-ec74-5a79-a45a-25ff0ab95677.
[2026-04-07 18:34:04Z INFO JobNotification] Entering JobCompleted Notification
[2026-04-07 18:34:04Z INFO JobNotification] Entering EndMonitor
[2026-04-07 18:34:04Z INFO BrokerMessageListener] Received job status event. JobState: Online
[2026-04-07 18:34:04Z WARN GitHubActionsService] GET request to https://broker.actions.githubusercontent.com/message?sessionId=899563d4-9a5c-4531-9f78-9f88fe7c14d5&status=Busy&runnerVersion=2.333.1&os=Windows&architecture=X64&disableUpdate=false has been cancelled.
[2026-04-07 18:34:04Z ERR  BrokerServer] Catch exception during request
[2026-04-07 18:34:04Z ERR  BrokerServer] System.Threading.Tasks.TaskCanceledException: The operation was canceled.
 ---> System.Threading.Tasks.TaskCanceledException: The operation was canceled.
 ---> System.IO.IOException: Unable to read data from the transport connection: 스레드 종료 또는 응용 프로그램 요청 때문에 I/O 작업이 취소되었습니다..
 ---> System.Net.Sockets.SocketException (995): 스레드 종료 또는 응용 프로그램 요청 때문에 I/O 작업이 취소되었습니다.
   --- End of inner exception stack trace ---
   at System.Net.Sockets.Socket.AwaitableSocketAsyncEventArgs.ThrowException(SocketError error, CancellationToken cancellationToken)
   at System.Net.Sockets.Socket.AwaitableSocketAsyncEventArgs.System.Threading.Tasks.Sources.IValueTaskSource<System.Int32>.GetResult(Int16 token)
   at System.Net.Security.SslStream.EnsureFullTlsFrameAsync[TIOAdapter](CancellationToken cancellationToken, Int32 estimatedSize)
   at System.Runtime.CompilerServices.PoolingAsyncValueTaskMethodBuilder`1.StateMachineBox`1.System.Threading.Tasks.Sources.IValueTaskSource<TResult>.GetResult(Int16 token)
   at System.Net.Security.SslStream.ReadAsyncInternal[TIOAdapter](Memory`1 buffer, CancellationToken cancellationToken)
   at System.Runtime.CompilerServices.PoolingAsyncValueTaskMethodBuilder`1.StateMachineBox`1.System.Threading.Tasks.Sources.IValueTaskSource<TResult>.GetResult(Int16 token)
   at System.Net.Http.HttpConnection.SendAsync(HttpRequestMessage request, Boolean async, CancellationToken cancellationToken)
   --- End of inner exception stack trace ---
   at System.Net.Http.HttpConnection.SendAsync(HttpRequestMessage request, Boolean async, CancellationToken cancellationToken)
   at System.Net.Http.AuthenticationHelper.SendWithNtAuthAsync(HttpRequestMessage request, Uri authUri, Boolean async, ICredentials credentials, Boolean isProxyAuth, HttpConnection connection, HttpConnectionPool connectionPool, CancellationToken cancellationToken)
   at System.Net.Http.HttpConnectionPool.SendWithVersionDetectionAndRetryAsync(HttpRequestMessage request, Boolean async, Boolean doRequestAuth, CancellationToken cancellationToken)
   at System.Net.Http.AuthenticationHelper.SendWithAuthAsync(HttpRequestMessage request, Uri authUri, Boolean async, ICredentials credentials, Boolean preAuthenticate, Boolean isProxyAuth, Boolean doRequestAuth, HttpConnectionPool pool, CancellationToken cancellationToken)
   at System.Net.Http.RedirectHandler.SendAsync(HttpRequestMessage request, Boolean async, CancellationToken cancellationToken)
   at GitHub.Services.Common.RawHttpMessageHandler.SendAsync(HttpRequestMessage request, CancellationToken cancellationToken)
   at GitHub.Services.Common.VssHttpRetryMessageHandler.SendAsync(HttpRequestMessage request, CancellationToken cancellationToken)
   at System.Net.Http.HttpClient.<SendAsync>g__Core|83_0(HttpRequestMessage request, HttpCompletionOption completionOption, CancellationTokenSource cts, Boolean disposeCts, CancellationTokenSource pendingRequestsCts, CancellationToken originalCancellationToken)
   --- End of inner exception stack trace ---
   at System.Net.Http.HttpClient.HandleFailure(Exception e, Boolean telemetryStarted, HttpResponseMessage response, CancellationTokenSource cts, CancellationToken cancellationToken, CancellationTokenSource pendingRequestsCts)
   at System.Net.Http.HttpClient.<SendAsync>g__Core|83_0(HttpRequestMessage request, HttpCompletionOption completionOption, CancellationTokenSource cts, Boolean disposeCts, CancellationTokenSource pendingRequestsCts, CancellationToken originalCancellationToken)
   at Sdk.WebApi.WebApi.RawHttpClientBase.SendAsync(HttpRequestMessage message, HttpCompletionOption completionOption, Object userState, CancellationToken cancellationToken)
   at Sdk.WebApi.WebApi.RawHttpClientBase.SendAsync[T](HttpRequestMessage message, Boolean readErrorBody, Object userState, CancellationToken cancellationToken)
   at Sdk.WebApi.WebApi.RawHttpClientBase.SendAsync[T](HttpMethod method, IEnumerable`1 additionalHeaders, Uri requestUri, HttpContent content, IEnumerable`1 queryParameters, Boolean readErrorBody, Object userState, CancellationToken cancellationToken)
   at GitHub.Actions.RunService.WebApi.BrokerHttpClient.GetRunnerMessageAsync(Nullable`1 sessionId, String runnerVersion, Nullable`1 status, String os, String architecture, Nullable`1 disableUpdate, CancellationToken cancellationToken)
   at GitHub.Runner.Common.BrokerServer.<>c__DisplayClass7_0.<<GetRunnerMessageAsync>b__0>d.MoveNext()
--- End of stack trace from previous location ---
   at GitHub.Runner.Common.RunnerService.RetryRequest[T](Func`1 func, CancellationToken cancellationToken, Int32 maxAttempts, Func`2 shouldRetry)
[2026-04-07 18:34:04Z ERR  BrokerServer] #####################################################
[2026-04-07 18:34:04Z ERR  BrokerServer] System.Threading.Tasks.TaskCanceledException: The operation was canceled.
 ---> System.IO.IOException: Unable to read data from the transport connection: 스레드 종료 또는 응용 프로그램 요청 때문에 I/O 작업이 취소되었습니다..
 ---> System.Net.Sockets.SocketException (995): 스레드 종료 또는 응용 프로그램 요청 때문에 I/O 작업이 취소되었습니다.
   --- End of inner exception stack trace ---
   at System.Net.Sockets.Socket.AwaitableSocketAsyncEventArgs.ThrowException(SocketError error, CancellationToken cancellationToken)
   at System.Net.Sockets.Socket.AwaitableSocketAsyncEventArgs.System.Threading.Tasks.Sources.IValueTaskSource<System.Int32>.GetResult(Int16 token)
   at System.Net.Security.SslStream.EnsureFullTlsFrameAsync[TIOAdapter](CancellationToken cancellationToken, Int32 estimatedSize)
   at System.Runtime.CompilerServices.PoolingAsyncValueTaskMethodBuilder`1.StateMachineBox`1.System.Threading.Tasks.Sources.IValueTaskSource<TResult>.GetResult(Int16 token)
   at System.Net.Security.SslStream.ReadAsyncInternal[TIOAdapter](Memory`1 buffer, CancellationToken cancellationToken)
   at System.Runtime.CompilerServices.PoolingAsyncValueTaskMethodBuilder`1.StateMachineBox`1.System.Threading.Tasks.Sources.IValueTaskSource<TResult>.GetResult(Int16 token)
   at System.Net.Http.HttpConnection.SendAsync(HttpRequestMessage request, Boolean async, CancellationToken cancellationToken)
   --- End of inner exception stack trace ---
   at System.Net.Http.HttpConnection.SendAsync(HttpRequestMessage request, Boolean async, CancellationToken cancellationToken)
   at System.Net.Http.AuthenticationHelper.SendWithNtAuthAsync(HttpRequestMessage request, Uri authUri, Boolean async, ICredentials credentials, Boolean isProxyAuth, HttpConnection connection, HttpConnectionPool connectionPool, CancellationToken cancellationToken)
   at System.Net.Http.HttpConnectionPool.SendWithVersionDetectionAndRetryAsync(HttpRequestMessage request, Boolean async, Boolean doRequestAuth, CancellationToken cancellationToken)
   at System.Net.Http.AuthenticationHelper.SendWithAuthAsync(HttpRequestMessage request, Uri authUri, Boolean async, ICredentials credentials, Boolean preAuthenticate, Boolean isProxyAuth, Boolean doRequestAuth, HttpConnectionPool pool, CancellationToken cancellationToken)
   at System.Net.Http.RedirectHandler.SendAsync(HttpRequestMessage request, Boolean async, CancellationToken cancellationToken)
   at GitHub.Services.Common.RawHttpMessageHandler.SendAsync(HttpRequestMessage request, CancellationToken cancellationToken)
   at GitHub.Services.Common.VssHttpRetryMessageHandler.SendAsync(HttpRequestMessage request, CancellationToken cancellationToken)
   at System.Net.Http.HttpClient.<SendAsync>g__Core|83_0(HttpRequestMessage request, HttpCompletionOption completionOption, CancellationTokenSource cts, Boolean disposeCts, CancellationTokenSource pendingRequestsCts, CancellationToken originalCancellationToken)
[2026-04-07 18:34:04Z ERR  BrokerServer] #####################################################
[2026-04-07 18:34:04Z ERR  BrokerServer] System.IO.IOException: Unable to read data from the transport connection: 스레드 종료 또는 응용 프로그램 요청 때문에 I/O 작업이 취소되었습니다..
 ---> System.Net.Sockets.SocketException (995): 스레드 종료 또는 응용 프로그램 요청 때문에 I/O 작업이 취소되었습니다.
   --- End of inner exception stack trace ---
   at System.Net.Sockets.Socket.AwaitableSocketAsyncEventArgs.ThrowException(SocketError error, CancellationToken cancellationToken)
   at System.Net.Sockets.Socket.AwaitableSocketAsyncEventArgs.System.Threading.Tasks.Sources.IValueTaskSource<System.Int32>.GetResult(Int16 token)
   at System.Net.Security.SslStream.EnsureFullTlsFrameAsync[TIOAdapter](CancellationToken cancellationToken, Int32 estimatedSize)
   at System.Runtime.CompilerServices.PoolingAsyncValueTaskMethodBuilder`1.StateMachineBox`1.System.Threading.Tasks.Sources.IValueTaskSource<TResult>.GetResult(Int16 token)
   at System.Net.Security.SslStream.ReadAsyncInternal[TIOAdapter](Memory`1 buffer, CancellationToken cancellationToken)
   at System.Runtime.CompilerServices.PoolingAsyncValueTaskMethodBuilder`1.StateMachineBox`1.System.Threading.Tasks.Sources.IValueTaskSource<TResult>.GetResult(Int16 token)
   at System.Net.Http.HttpConnection.SendAsync(HttpRequestMessage request, Boolean async, CancellationToken cancellationToken)
[2026-04-07 18:34:04Z ERR  BrokerServer] #####################################################
[2026-04-07 18:34:04Z ERR  BrokerServer] System.Net.Sockets.SocketException (995): 스레드 종료 또는 응용 프로그램 요청 때문에 I/O 작업이 취소되었습니다.
[2026-04-07 18:34:04Z WARN BrokerServer] Back off 11.984 seconds before next retry. 4 attempt left.
[2026-04-07 18:34:04Z INFO BrokerMessageListener] Get messages has been cancelled using local token source. Continue to get messages with new status.
[2026-04-07 18:36:21Z INFO BrokerMessageListener] Acknowledging runner request '2d179ecf-a5c6-500a-942d-060e53e6e5ca'.
[2026-04-07 18:36:21Z INFO ConfigurationStore] HasCredentials()
[2026-04-07 18:36:21Z INFO ConfigurationStore] stored True
[2026-04-07 18:36:21Z INFO CredentialManager] GetCredentialProvider
[2026-04-07 18:36:21Z INFO CredentialManager] Creating type OAuth
[2026-04-07 18:36:21Z INFO CredentialManager] Creating credential type: OAuth
[2026-04-07 18:36:21Z INFO RSAEncryptedFileKeyManager] Loading RSA key parameters from file C:\Users\sjlee\OneDrive\Desktop\오픈소스\actions-runner\.credentials_rsaparams
[2026-04-07 18:36:21Z INFO RSAEncryptedFileKeyManager] Loading RSA key parameters from file C:\Users\sjlee\OneDrive\Desktop\오픈소스\actions-runner\.credentials_rsaparams
[2026-04-07 18:36:21Z INFO RSAEncryptedFileKeyManager] Loading RSA key parameters from file C:\Users\sjlee\OneDrive\Desktop\오픈소스\actions-runner\.credentials_rsaparams
[2026-04-07 18:36:22Z INFO GitHubActionsService] AAD Correlation ID for this token request: Unknown
[2026-04-07 18:36:23Z INFO JobDispatcher] Job request 0 for plan a3f31379-1d17-4e9b-9c23-a2652df0a34a job 2d179ecf-a5c6-500a-942d-060e53e6e5ca received.
[2026-04-07 18:36:23Z INFO JobDispatcher] Pull OrchestrationId a3f31379-1d17-4e9b-9c23-a2652df0a34a.deploy.__default from JWT claims
[2026-04-07 18:36:23Z INFO BrokerMessageListener] Received job status event. JobState: Busy
[2026-04-07 18:36:23Z INFO BrokerMessageListener] _getMessagesTokenSource is already disposed.
[2026-04-07 18:36:23Z INFO JobDispatcher] Job request 3299f5fb-ec74-5a79-a45a-25ff0ab95677 processed succeed.
[2026-04-07 18:36:23Z INFO Terminal] WRITE LINE: 2026-04-07 18:36:23Z: Running job: deploy
[2026-04-07 18:36:23Z INFO JobDispatcher] Start renew job request 0 for job 2d179ecf-a5c6-500a-942d-060e53e6e5ca.
[2026-04-07 18:36:24Z INFO JobDispatcher] Successfully renew job 2d179ecf-a5c6-500a-942d-060e53e6e5ca, job is valid till 2026-04-07 오후 6:46:24
[2026-04-07 18:36:24Z INFO HostContext] Well known directory 'Bin': 'C:\Users\sjlee\OneDrive\Desktop\오픈소스\actions-runner\bin'
[2026-04-07 18:36:24Z INFO ProcessInvokerWrapper] Starting process:
[2026-04-07 18:36:24Z INFO ProcessInvokerWrapper]   File name: 'C:\Users\sjlee\OneDrive\Desktop\오픈소스\actions-runner\bin\Runner.Worker.exe'
[2026-04-07 18:36:24Z INFO ProcessInvokerWrapper]   Arguments: 'spawnclient 1292 2324'
[2026-04-07 18:36:24Z INFO ProcessInvokerWrapper]   Working directory: 'C:\Users\sjlee\OneDrive\Desktop\오픈소스\actions-runner\bin'
[2026-04-07 18:36:24Z INFO ProcessInvokerWrapper]   Require exit code zero: 'False'
[2026-04-07 18:36:24Z INFO ProcessInvokerWrapper]   Encoding web name:  ; code page: ''
[2026-04-07 18:36:24Z INFO ProcessInvokerWrapper]   Force kill process on cancellation: 'True'
[2026-04-07 18:36:24Z INFO ProcessInvokerWrapper]   Redirected STDIN: 'False'
[2026-04-07 18:36:24Z INFO ProcessInvokerWrapper]   Persist current code page: 'False'
[2026-04-07 18:36:24Z INFO ProcessInvokerWrapper]   Keep redirected STDIN open: 'False'
[2026-04-07 18:36:24Z INFO ProcessInvokerWrapper]   High priority process: 'True'
[2026-04-07 18:36:24Z INFO ProcessInvokerWrapper] Process started with process id 27084, waiting for process exit.
[2026-04-07 18:36:24Z INFO JobDispatcher] Send job request message to worker for job 2d179ecf-a5c6-500a-942d-060e53e6e5ca.
[2026-04-07 18:36:24Z INFO ProcessChannel] Sending message of length 20706, with hash 'ca9fcaeedfd7a5f3a103c0e45b024feefd6ae5e52bd31a2bdacdf4da60fd6ac4'
[2026-04-07 18:36:24Z INFO JobNotification] Entering JobStarted Notification
[2026-04-07 18:36:24Z INFO JobNotification] Entering StartMonitor
[2026-04-07 18:36:43Z INFO ProcessInvokerWrapper] STDOUT/STDERR stream read finished.
[2026-04-07 18:36:43Z INFO ProcessInvokerWrapper] STDOUT/STDERR stream read finished.
[2026-04-07 18:36:43Z INFO ProcessInvokerWrapper] Finished process 27084 with exit code 102, and elapsed time 00:00:18.5085413.
[2026-04-07 18:36:43Z INFO JobDispatcher] Worker finished for job 2d179ecf-a5c6-500a-942d-060e53e6e5ca. Code: 102
[2026-04-07 18:36:43Z INFO JobDispatcher] finish job request for job 2d179ecf-a5c6-500a-942d-060e53e6e5ca with result: Failed
[2026-04-07 18:36:43Z INFO Terminal] WRITE LINE: 2026-04-07 18:36:43Z: Job deploy completed with result: Failed
[2026-04-07 18:36:43Z INFO JobDispatcher] Stop renew job request for job 2d179ecf-a5c6-500a-942d-060e53e6e5ca.
[2026-04-07 18:36:43Z INFO JobDispatcher] job renew has been cancelled, stop renew job 2d179ecf-a5c6-500a-942d-060e53e6e5ca.
[2026-04-07 18:36:43Z INFO JobNotification] Entering JobCompleted Notification
[2026-04-07 18:36:43Z INFO JobNotification] Entering EndMonitor
[2026-04-07 18:36:43Z INFO BrokerMessageListener] Received job status event. JobState: Online
[2026-04-07 18:36:43Z WARN GitHubActionsService] GET request to https://broker.actions.githubusercontent.com/message?sessionId=899563d4-9a5c-4531-9f78-9f88fe7c14d5&status=Busy&runnerVersion=2.333.1&os=Windows&architecture=X64&disableUpdate=false has been cancelled.
[2026-04-07 18:36:43Z ERR  BrokerServer] Catch exception during request
[2026-04-07 18:36:43Z ERR  BrokerServer] System.Threading.Tasks.TaskCanceledException: The operation was canceled.
 ---> System.Threading.Tasks.TaskCanceledException: The operation was canceled.
 ---> System.IO.IOException: Unable to read data from the transport connection: 스레드 종료 또는 응용 프로그램 요청 때문에 I/O 작업이 취소되었습니다..
 ---> System.Net.Sockets.SocketException (995): 스레드 종료 또는 응용 프로그램 요청 때문에 I/O 작업이 취소되었습니다.
   --- End of inner exception stack trace ---
   at System.Net.Sockets.Socket.AwaitableSocketAsyncEventArgs.ThrowException(SocketError error, CancellationToken cancellationToken)
   at System.Net.Sockets.Socket.AwaitableSocketAsyncEventArgs.System.Threading.Tasks.Sources.IValueTaskSource<System.Int32>.GetResult(Int16 token)
   at System.Net.Security.SslStream.EnsureFullTlsFrameAsync[TIOAdapter](CancellationToken cancellationToken, Int32 estimatedSize)
   at System.Runtime.CompilerServices.PoolingAsyncValueTaskMethodBuilder`1.StateMachineBox`1.System.Threading.Tasks.Sources.IValueTaskSource<TResult>.GetResult(Int16 token)
   at System.Net.Security.SslStream.ReadAsyncInternal[TIOAdapter](Memory`1 buffer, CancellationToken cancellationToken)
   at System.Runtime.CompilerServices.PoolingAsyncValueTaskMethodBuilder`1.StateMachineBox`1.System.Threading.Tasks.Sources.IValueTaskSource<TResult>.GetResult(Int16 token)
   at System.Net.Http.HttpConnection.SendAsync(HttpRequestMessage request, Boolean async, CancellationToken cancellationToken)
   --- End of inner exception stack trace ---
   at System.Net.Http.HttpConnection.SendAsync(HttpRequestMessage request, Boolean async, CancellationToken cancellationToken)
   at System.Net.Http.AuthenticationHelper.SendWithNtAuthAsync(HttpRequestMessage request, Uri authUri, Boolean async, ICredentials credentials, Boolean isProxyAuth, HttpConnection connection, HttpConnectionPool connectionPool, CancellationToken cancellationToken)
   at System.Net.Http.HttpConnectionPool.SendWithVersionDetectionAndRetryAsync(HttpRequestMessage request, Boolean async, Boolean doRequestAuth, CancellationToken cancellationToken)
   at System.Net.Http.AuthenticationHelper.SendWithAuthAsync(HttpRequestMessage request, Uri authUri, Boolean async, ICredentials credentials, Boolean preAuthenticate, Boolean isProxyAuth, Boolean doRequestAuth, HttpConnectionPool pool, CancellationToken cancellationToken)
   at System.Net.Http.RedirectHandler.SendAsync(HttpRequestMessage request, Boolean async, CancellationToken cancellationToken)
   at GitHub.Services.Common.RawHttpMessageHandler.SendAsync(HttpRequestMessage request, CancellationToken cancellationToken)
   at GitHub.Services.Common.VssHttpRetryMessageHandler.SendAsync(HttpRequestMessage request, CancellationToken cancellationToken)
   at System.Net.Http.HttpClient.<SendAsync>g__Core|83_0(HttpRequestMessage request, HttpCompletionOption completionOption, CancellationTokenSource cts, Boolean disposeCts, CancellationTokenSource pendingRequestsCts, CancellationToken originalCancellationToken)
   --- End of inner exception stack trace ---
   at System.Net.Http.HttpClient.HandleFailure(Exception e, Boolean telemetryStarted, HttpResponseMessage response, CancellationTokenSource cts, CancellationToken cancellationToken, CancellationTokenSource pendingRequestsCts)
   at System.Net.Http.HttpClient.<SendAsync>g__Core|83_0(HttpRequestMessage request, HttpCompletionOption completionOption, CancellationTokenSource cts, Boolean disposeCts, CancellationTokenSource pendingRequestsCts, CancellationToken originalCancellationToken)
   at Sdk.WebApi.WebApi.RawHttpClientBase.SendAsync(HttpRequestMessage message, HttpCompletionOption completionOption, Object userState, CancellationToken cancellationToken)
   at Sdk.WebApi.WebApi.RawHttpClientBase.SendAsync[T](HttpRequestMessage message, Boolean readErrorBody, Object userState, CancellationToken cancellationToken)
   at Sdk.WebApi.WebApi.RawHttpClientBase.SendAsync[T](HttpMethod method, IEnumerable`1 additionalHeaders, Uri requestUri, HttpContent content, IEnumerable`1 queryParameters, Boolean readErrorBody, Object userState, CancellationToken cancellationToken)
   at GitHub.Actions.RunService.WebApi.BrokerHttpClient.GetRunnerMessageAsync(Nullable`1 sessionId, String runnerVersion, Nullable`1 status, String os, String architecture, Nullable`1 disableUpdate, CancellationToken cancellationToken)
   at GitHub.Runner.Common.BrokerServer.<>c__DisplayClass7_0.<<GetRunnerMessageAsync>b__0>d.MoveNext()
--- End of stack trace from previous location ---
   at GitHub.Runner.Common.RunnerService.RetryRequest[T](Func`1 func, CancellationToken cancellationToken, Int32 maxAttempts, Func`2 shouldRetry)
[2026-04-07 18:36:43Z ERR  BrokerServer] #####################################################
[2026-04-07 18:36:43Z ERR  BrokerServer] System.Threading.Tasks.TaskCanceledException: The operation was canceled.
 ---> System.IO.IOException: Unable to read data from the transport connection: 스레드 종료 또는 응용 프로그램 요청 때문에 I/O 작업이 취소되었습니다..
 ---> System.Net.Sockets.SocketException (995): 스레드 종료 또는 응용 프로그램 요청 때문에 I/O 작업이 취소되었습니다.
   --- End of inner exception stack trace ---
   at System.Net.Sockets.Socket.AwaitableSocketAsyncEventArgs.ThrowException(SocketError error, CancellationToken cancellationToken)
   at System.Net.Sockets.Socket.AwaitableSocketAsyncEventArgs.System.Threading.Tasks.Sources.IValueTaskSource<System.Int32>.GetResult(Int16 token)
   at System.Net.Security.SslStream.EnsureFullTlsFrameAsync[TIOAdapter](CancellationToken cancellationToken, Int32 estimatedSize)
   at System.Runtime.CompilerServices.PoolingAsyncValueTaskMethodBuilder`1.StateMachineBox`1.System.Threading.Tasks.Sources.IValueTaskSource<TResult>.GetResult(Int16 token)
   at System.Net.Security.SslStream.ReadAsyncInternal[TIOAdapter](Memory`1 buffer, CancellationToken cancellationToken)
   at System.Runtime.CompilerServices.PoolingAsyncValueTaskMethodBuilder`1.StateMachineBox`1.System.Threading.Tasks.Sources.IValueTaskSource<TResult>.GetResult(Int16 token)
   at System.Net.Http.HttpConnection.SendAsync(HttpRequestMessage request, Boolean async, CancellationToken cancellationToken)
   --- End of inner exception stack trace ---
   at System.Net.Http.HttpConnection.SendAsync(HttpRequestMessage request, Boolean async, CancellationToken cancellationToken)
   at System.Net.Http.AuthenticationHelper.SendWithNtAuthAsync(HttpRequestMessage request, Uri authUri, Boolean async, ICredentials credentials, Boolean isProxyAuth, HttpConnection connection, HttpConnectionPool connectionPool, CancellationToken cancellationToken)
   at System.Net.Http.HttpConnectionPool.SendWithVersionDetectionAndRetryAsync(HttpRequestMessage request, Boolean async, Boolean doRequestAuth, CancellationToken cancellationToken)
   at System.Net.Http.AuthenticationHelper.SendWithAuthAsync(HttpRequestMessage request, Uri authUri, Boolean async, ICredentials credentials, Boolean preAuthenticate, Boolean isProxyAuth, Boolean doRequestAuth, HttpConnectionPool pool, CancellationToken cancellationToken)
   at System.Net.Http.RedirectHandler.SendAsync(HttpRequestMessage request, Boolean async, CancellationToken cancellationToken)
   at GitHub.Services.Common.RawHttpMessageHandler.SendAsync(HttpRequestMessage request, CancellationToken cancellationToken)
   at GitHub.Services.Common.VssHttpRetryMessageHandler.SendAsync(HttpRequestMessage request, CancellationToken cancellationToken)
   at System.Net.Http.HttpClient.<SendAsync>g__Core|83_0(HttpRequestMessage request, HttpCompletionOption completionOption, CancellationTokenSource cts, Boolean disposeCts, CancellationTokenSource pendingRequestsCts, CancellationToken originalCancellationToken)
[2026-04-07 18:36:43Z ERR  BrokerServer] #####################################################
[2026-04-07 18:36:43Z ERR  BrokerServer] System.IO.IOException: Unable to read data from the transport connection: 스레드 종료 또는 응용 프로그램 요청 때문에 I/O 작업이 취소되었습니다..
 ---> System.Net.Sockets.SocketException (995): 스레드 종료 또는 응용 프로그램 요청 때문에 I/O 작업이 취소되었습니다.
   --- End of inner exception stack trace ---
   at System.Net.Sockets.Socket.AwaitableSocketAsyncEventArgs.ThrowException(SocketError error, CancellationToken cancellationToken)
   at System.Net.Sockets.Socket.AwaitableSocketAsyncEventArgs.System.Threading.Tasks.Sources.IValueTaskSource<System.Int32>.GetResult(Int16 token)
   at System.Net.Security.SslStream.EnsureFullTlsFrameAsync[TIOAdapter](CancellationToken cancellationToken, Int32 estimatedSize)
   at System.Runtime.CompilerServices.PoolingAsyncValueTaskMethodBuilder`1.StateMachineBox`1.System.Threading.Tasks.Sources.IValueTaskSource<TResult>.GetResult(Int16 token)
   at System.Net.Security.SslStream.ReadAsyncInternal[TIOAdapter](Memory`1 buffer, CancellationToken cancellationToken)
   at System.Runtime.CompilerServices.PoolingAsyncValueTaskMethodBuilder`1.StateMachineBox`1.System.Threading.Tasks.Sources.IValueTaskSource<TResult>.GetResult(Int16 token)
   at System.Net.Http.HttpConnection.SendAsync(HttpRequestMessage request, Boolean async, CancellationToken cancellationToken)
[2026-04-07 18:36:43Z ERR  BrokerServer] #####################################################
[2026-04-07 18:36:43Z ERR  BrokerServer] System.Net.Sockets.SocketException (995): 스레드 종료 또는 응용 프로그램 요청 때문에 I/O 작업이 취소되었습니다.
[2026-04-07 18:36:43Z WARN BrokerServer] Back off 7.986 seconds before next retry. 4 attempt left.
[2026-04-07 18:36:43Z INFO BrokerMessageListener] Get messages has been cancelled using local token source. Continue to get messages with new status.
[2026-04-07 18:39:36Z INFO BrokerMessageListener] Acknowledging runner request '30a73923-4c93-5665-a3ee-4f968b15923e'.
[2026-04-07 18:39:37Z INFO ConfigurationStore] HasCredentials()
[2026-04-07 18:39:37Z INFO ConfigurationStore] stored True
[2026-04-07 18:39:37Z INFO CredentialManager] GetCredentialProvider
[2026-04-07 18:39:37Z INFO CredentialManager] Creating type OAuth
[2026-04-07 18:39:37Z INFO CredentialManager] Creating credential type: OAuth
[2026-04-07 18:39:37Z INFO RSAEncryptedFileKeyManager] Loading RSA key parameters from file C:\Users\sjlee\OneDrive\Desktop\오픈소스\actions-runner\.credentials_rsaparams
[2026-04-07 18:39:37Z INFO RSAEncryptedFileKeyManager] Loading RSA key parameters from file C:\Users\sjlee\OneDrive\Desktop\오픈소스\actions-runner\.credentials_rsaparams
[2026-04-07 18:39:37Z INFO RSAEncryptedFileKeyManager] Loading RSA key parameters from file C:\Users\sjlee\OneDrive\Desktop\오픈소스\actions-runner\.credentials_rsaparams
[2026-04-07 18:39:38Z INFO GitHubActionsService] AAD Correlation ID for this token request: Unknown
[2026-04-07 18:39:39Z INFO JobDispatcher] Job request 0 for plan 2732d8f4-fd12-48a0-9221-381db703320f job 30a73923-4c93-5665-a3ee-4f968b15923e received.
[2026-04-07 18:39:39Z INFO JobDispatcher] Pull OrchestrationId 2732d8f4-fd12-48a0-9221-381db703320f.deploy.__default from JWT claims
[2026-04-07 18:39:39Z INFO BrokerMessageListener] Received job status event. JobState: Busy
[2026-04-07 18:39:39Z INFO BrokerMessageListener] _getMessagesTokenSource is already disposed.
[2026-04-07 18:39:39Z INFO JobDispatcher] Job request 2d179ecf-a5c6-500a-942d-060e53e6e5ca processed succeed.
[2026-04-07 18:39:39Z INFO Terminal] WRITE LINE: 2026-04-07 18:39:39Z: Running job: deploy
[2026-04-07 18:39:39Z INFO JobDispatcher] Start renew job request 0 for job 30a73923-4c93-5665-a3ee-4f968b15923e.
[2026-04-07 18:39:39Z INFO JobDispatcher] Successfully renew job 30a73923-4c93-5665-a3ee-4f968b15923e, job is valid till 2026-04-07 오후 6:49:39
[2026-04-07 18:39:39Z INFO HostContext] Well known directory 'Bin': 'C:\Users\sjlee\OneDrive\Desktop\오픈소스\actions-runner\bin'
[2026-04-07 18:39:39Z INFO ProcessInvokerWrapper] Starting process:
[2026-04-07 18:39:39Z INFO ProcessInvokerWrapper]   File name: 'C:\Users\sjlee\OneDrive\Desktop\오픈소스\actions-runner\bin\Runner.Worker.exe'
[2026-04-07 18:39:39Z INFO ProcessInvokerWrapper]   Arguments: 'spawnclient 2408 2388'
[2026-04-07 18:39:39Z INFO ProcessInvokerWrapper]   Working directory: 'C:\Users\sjlee\OneDrive\Desktop\오픈소스\actions-runner\bin'
[2026-04-07 18:39:39Z INFO ProcessInvokerWrapper]   Require exit code zero: 'False'
[2026-04-07 18:39:39Z INFO ProcessInvokerWrapper]   Encoding web name:  ; code page: ''
[2026-04-07 18:39:39Z INFO ProcessInvokerWrapper]   Force kill process on cancellation: 'True'
[2026-04-07 18:39:39Z INFO ProcessInvokerWrapper]   Redirected STDIN: 'False'
[2026-04-07 18:39:39Z INFO ProcessInvokerWrapper]   Persist current code page: 'False'
[2026-04-07 18:39:39Z INFO ProcessInvokerWrapper]   Keep redirected STDIN open: 'False'
[2026-04-07 18:39:39Z INFO ProcessInvokerWrapper]   High priority process: 'True'
[2026-04-07 18:39:39Z INFO ProcessInvokerWrapper] Process started with process id 7796, waiting for process exit.
[2026-04-07 18:39:39Z INFO JobDispatcher] Send job request message to worker for job 30a73923-4c93-5665-a3ee-4f968b15923e.
[2026-04-07 18:39:39Z INFO ProcessChannel] Sending message of length 20704, with hash '09be7f2e5b58a1ae9b2079b339fb71d7d4a784f3509a181446f79be7dff6dd50'
[2026-04-07 18:39:40Z INFO JobNotification] Entering JobStarted Notification
[2026-04-07 18:39:40Z INFO JobNotification] Entering StartMonitor
[2026-04-07 18:39:50Z INFO ProcessInvokerWrapper] STDOUT/STDERR stream read finished.
[2026-04-07 18:39:50Z INFO ProcessInvokerWrapper] STDOUT/STDERR stream read finished.
[2026-04-07 18:39:50Z INFO ProcessInvokerWrapper] Finished process 7796 with exit code 102, and elapsed time 00:00:10.2252728.
[2026-04-07 18:39:50Z INFO JobDispatcher] Worker finished for job 30a73923-4c93-5665-a3ee-4f968b15923e. Code: 102
[2026-04-07 18:39:50Z INFO JobDispatcher] finish job request for job 30a73923-4c93-5665-a3ee-4f968b15923e with result: Failed
[2026-04-07 18:39:50Z INFO Terminal] WRITE LINE: 2026-04-07 18:39:50Z: Job deploy completed with result: Failed
[2026-04-07 18:39:50Z INFO JobDispatcher] Stop renew job request for job 30a73923-4c93-5665-a3ee-4f968b15923e.
[2026-04-07 18:39:50Z INFO JobDispatcher] job renew has been cancelled, stop renew job 30a73923-4c93-5665-a3ee-4f968b15923e.
[2026-04-07 18:39:50Z INFO JobNotification] Entering JobCompleted Notification
[2026-04-07 18:39:50Z INFO JobNotification] Entering EndMonitor
[2026-04-07 18:39:50Z INFO BrokerMessageListener] Received job status event. JobState: Online
[2026-04-07 18:39:50Z WARN GitHubActionsService] GET request to https://broker.actions.githubusercontent.com/message?sessionId=899563d4-9a5c-4531-9f78-9f88fe7c14d5&status=Busy&runnerVersion=2.333.1&os=Windows&architecture=X64&disableUpdate=false has been cancelled.
[2026-04-07 18:39:50Z ERR  BrokerServer] Catch exception during request
[2026-04-07 18:39:50Z ERR  BrokerServer] System.Threading.Tasks.TaskCanceledException: The operation was canceled.
 ---> System.Threading.Tasks.TaskCanceledException: The operation was canceled.
 ---> System.IO.IOException: Unable to read data from the transport connection: 스레드 종료 또는 응용 프로그램 요청 때문에 I/O 작업이 취소되었습니다..
 ---> System.Net.Sockets.SocketException (995): 스레드 종료 또는 응용 프로그램 요청 때문에 I/O 작업이 취소되었습니다.
   --- End of inner exception stack trace ---
   at System.Net.Sockets.Socket.AwaitableSocketAsyncEventArgs.System.Threading.Tasks.Sources.IValueTaskSource<System.Int32>.GetResult(Int16 token)
   at System.Net.Security.SslStream.EnsureFullTlsFrameAsync[TIOAdapter](CancellationToken cancellationToken, Int32 estimatedSize)
   at System.Runtime.CompilerServices.PoolingAsyncValueTaskMethodBuilder`1.StateMachineBox`1.System.Threading.Tasks.Sources.IValueTaskSource<TResult>.GetResult(Int16 token)
   at System.Net.Security.SslStream.ReadAsyncInternal[TIOAdapter](Memory`1 buffer, CancellationToken cancellationToken)
   at System.Runtime.CompilerServices.PoolingAsyncValueTaskMethodBuilder`1.StateMachineBox`1.System.Threading.Tasks.Sources.IValueTaskSource<TResult>.GetResult(Int16 token)
   at System.Net.Http.HttpConnection.SendAsync(HttpRequestMessage request, Boolean async, CancellationToken cancellationToken)
   --- End of inner exception stack trace ---
   at System.Net.Http.HttpConnection.SendAsync(HttpRequestMessage request, Boolean async, CancellationToken cancellationToken)
   at System.Net.Http.AuthenticationHelper.SendWithNtAuthAsync(HttpRequestMessage request, Uri authUri, Boolean async, ICredentials credentials, Boolean isProxyAuth, HttpConnection connection, HttpConnectionPool connectionPool, CancellationToken cancellationToken)
   at System.Net.Http.HttpConnectionPool.SendWithVersionDetectionAndRetryAsync(HttpRequestMessage request, Boolean async, Boolean doRequestAuth, CancellationToken cancellationToken)
   at System.Net.Http.AuthenticationHelper.SendWithAuthAsync(HttpRequestMessage request, Uri authUri, Boolean async, ICredentials credentials, Boolean preAuthenticate, Boolean isProxyAuth, Boolean doRequestAuth, HttpConnectionPool pool, CancellationToken cancellationToken)
   at System.Net.Http.RedirectHandler.SendAsync(HttpRequestMessage request, Boolean async, CancellationToken cancellationToken)
   at GitHub.Services.Common.RawHttpMessageHandler.SendAsync(HttpRequestMessage request, CancellationToken cancellationToken)
   at GitHub.Services.Common.VssHttpRetryMessageHandler.SendAsync(HttpRequestMessage request, CancellationToken cancellationToken)
   at System.Net.Http.HttpClient.<SendAsync>g__Core|83_0(HttpRequestMessage request, HttpCompletionOption completionOption, CancellationTokenSource cts, Boolean disposeCts, CancellationTokenSource pendingRequestsCts, CancellationToken originalCancellationToken)
   --- End of inner exception stack trace ---
   at System.Net.Http.HttpClient.HandleFailure(Exception e, Boolean telemetryStarted, HttpResponseMessage response, CancellationTokenSource cts, CancellationToken cancellationToken, CancellationTokenSource pendingRequestsCts)
   at System.Net.Http.HttpClient.<SendAsync>g__Core|83_0(HttpRequestMessage request, HttpCompletionOption completionOption, CancellationTokenSource cts, Boolean disposeCts, CancellationTokenSource pendingRequestsCts, CancellationToken originalCancellationToken)
   at Sdk.WebApi.WebApi.RawHttpClientBase.SendAsync(HttpRequestMessage message, HttpCompletionOption completionOption, Object userState, CancellationToken cancellationToken)
   at Sdk.WebApi.WebApi.RawHttpClientBase.SendAsync[T](HttpRequestMessage message, Boolean readErrorBody, Object userState, CancellationToken cancellationToken)
   at Sdk.WebApi.WebApi.RawHttpClientBase.SendAsync[T](HttpMethod method, IEnumerable`1 additionalHeaders, Uri requestUri, HttpContent content, IEnumerable`1 queryParameters, Boolean readErrorBody, Object userState, CancellationToken cancellationToken)
   at GitHub.Actions.RunService.WebApi.BrokerHttpClient.GetRunnerMessageAsync(Nullable`1 sessionId, String runnerVersion, Nullable`1 status, String os, String architecture, Nullable`1 disableUpdate, CancellationToken cancellationToken)
   at GitHub.Runner.Common.BrokerServer.<>c__DisplayClass7_0.<<GetRunnerMessageAsync>b__0>d.MoveNext()
--- End of stack trace from previous location ---
   at GitHub.Runner.Common.RunnerService.RetryRequest[T](Func`1 func, CancellationToken cancellationToken, Int32 maxAttempts, Func`2 shouldRetry)
[2026-04-07 18:39:50Z ERR  BrokerServer] #####################################################
[2026-04-07 18:39:50Z ERR  BrokerServer] System.Threading.Tasks.TaskCanceledException: The operation was canceled.
 ---> System.IO.IOException: Unable to read data from the transport connection: 스레드 종료 또는 응용 프로그램 요청 때문에 I/O 작업이 취소되었습니다..
 ---> System.Net.Sockets.SocketException (995): 스레드 종료 또는 응용 프로그램 요청 때문에 I/O 작업이 취소되었습니다.
   --- End of inner exception stack trace ---
   at System.Net.Sockets.Socket.AwaitableSocketAsyncEventArgs.System.Threading.Tasks.Sources.IValueTaskSource<System.Int32>.GetResult(Int16 token)
   at System.Net.Security.SslStream.EnsureFullTlsFrameAsync[TIOAdapter](CancellationToken cancellationToken, Int32 estimatedSize)
   at System.Runtime.CompilerServices.PoolingAsyncValueTaskMethodBuilder`1.StateMachineBox`1.System.Threading.Tasks.Sources.IValueTaskSource<TResult>.GetResult(Int16 token)
   at System.Net.Security.SslStream.ReadAsyncInternal[TIOAdapter](Memory`1 buffer, CancellationToken cancellationToken)
   at System.Runtime.CompilerServices.PoolingAsyncValueTaskMethodBuilder`1.StateMachineBox`1.System.Threading.Tasks.Sources.IValueTaskSource<TResult>.GetResult(Int16 token)
   at System.Net.Http.HttpConnection.SendAsync(HttpRequestMessage request, Boolean async, CancellationToken cancellationToken)
   --- End of inner exception stack trace ---
   at System.Net.Http.HttpConnection.SendAsync(HttpRequestMessage request, Boolean async, CancellationToken cancellationToken)
   at System.Net.Http.AuthenticationHelper.SendWithNtAuthAsync(HttpRequestMessage request, Uri authUri, Boolean async, ICredentials credentials, Boolean isProxyAuth, HttpConnection connection, HttpConnectionPool connectionPool, CancellationToken cancellationToken)
   at System.Net.Http.HttpConnectionPool.SendWithVersionDetectionAndRetryAsync(HttpRequestMessage request, Boolean async, Boolean doRequestAuth, CancellationToken cancellationToken)
   at System.Net.Http.AuthenticationHelper.SendWithAuthAsync(HttpRequestMessage request, Uri authUri, Boolean async, ICredentials credentials, Boolean preAuthenticate, Boolean isProxyAuth, Boolean doRequestAuth, HttpConnectionPool pool, CancellationToken cancellationToken)
   at System.Net.Http.RedirectHandler.SendAsync(HttpRequestMessage request, Boolean async, CancellationToken cancellationToken)
   at GitHub.Services.Common.RawHttpMessageHandler.SendAsync(HttpRequestMessage request, CancellationToken cancellationToken)
   at GitHub.Services.Common.VssHttpRetryMessageHandler.SendAsync(HttpRequestMessage request, CancellationToken cancellationToken)
   at System.Net.Http.HttpClient.<SendAsync>g__Core|83_0(HttpRequestMessage request, HttpCompletionOption completionOption, CancellationTokenSource cts, Boolean disposeCts, CancellationTokenSource pendingRequestsCts, CancellationToken originalCancellationToken)
[2026-04-07 18:39:50Z ERR  BrokerServer] #####################################################
[2026-04-07 18:39:50Z ERR  BrokerServer] System.IO.IOException: Unable to read data from the transport connection: 스레드 종료 또는 응용 프로그램 요청 때문에 I/O 작업이 취소되었습니다..
 ---> System.Net.Sockets.SocketException (995): 스레드 종료 또는 응용 프로그램 요청 때문에 I/O 작업이 취소되었습니다.
   --- End of inner exception stack trace ---
   at System.Net.Sockets.Socket.AwaitableSocketAsyncEventArgs.System.Threading.Tasks.Sources.IValueTaskSource<System.Int32>.GetResult(Int16 token)
   at System.Net.Security.SslStream.EnsureFullTlsFrameAsync[TIOAdapter](CancellationToken cancellationToken, Int32 estimatedSize)
   at System.Runtime.CompilerServices.PoolingAsyncValueTaskMethodBuilder`1.StateMachineBox`1.System.Threading.Tasks.Sources.IValueTaskSource<TResult>.GetResult(Int16 token)
   at System.Net.Security.SslStream.ReadAsyncInternal[TIOAdapter](Memory`1 buffer, CancellationToken cancellationToken)
   at System.Runtime.CompilerServices.PoolingAsyncValueTaskMethodBuilder`1.StateMachineBox`1.System.Threading.Tasks.Sources.IValueTaskSource<TResult>.GetResult(Int16 token)
   at System.Net.Http.HttpConnection.SendAsync(HttpRequestMessage request, Boolean async, CancellationToken cancellationToken)
[2026-04-07 18:39:50Z ERR  BrokerServer] #####################################################
[2026-04-07 18:39:50Z ERR  BrokerServer] System.Net.Sockets.SocketException (995): 스레드 종료 또는 응용 프로그램 요청 때문에 I/O 작업이 취소되었습니다.
[2026-04-07 18:39:50Z WARN BrokerServer] Back off 7.484 seconds before next retry. 4 attempt left.
[2026-04-07 18:39:50Z INFO BrokerMessageListener] Get messages has been cancelled using local token source. Continue to get messages with new status.
[2026-04-07 18:49:25Z INFO BrokerMessageListener] Acknowledging runner request 'd6c21417-0c92-5ccd-aad3-3d3bcee66b91'.
[2026-04-07 18:49:25Z INFO ConfigurationStore] HasCredentials()
[2026-04-07 18:49:25Z INFO ConfigurationStore] stored True
[2026-04-07 18:49:25Z INFO CredentialManager] GetCredentialProvider
[2026-04-07 18:49:25Z INFO CredentialManager] Creating type OAuth
[2026-04-07 18:49:25Z INFO CredentialManager] Creating credential type: OAuth
[2026-04-07 18:49:25Z INFO RSAEncryptedFileKeyManager] Loading RSA key parameters from file C:\Users\sjlee\OneDrive\Desktop\오픈소스\actions-runner\.credentials_rsaparams
[2026-04-07 18:49:25Z INFO RSAEncryptedFileKeyManager] Loading RSA key parameters from file C:\Users\sjlee\OneDrive\Desktop\오픈소스\actions-runner\.credentials_rsaparams
[2026-04-07 18:49:25Z INFO RSAEncryptedFileKeyManager] Loading RSA key parameters from file C:\Users\sjlee\OneDrive\Desktop\오픈소스\actions-runner\.credentials_rsaparams
[2026-04-07 18:49:26Z INFO GitHubActionsService] AAD Correlation ID for this token request: Unknown
[2026-04-07 18:49:27Z INFO JobDispatcher] Job request 0 for plan e0ec651f-d6b1-41b5-8b1c-ff7635941219 job d6c21417-0c92-5ccd-aad3-3d3bcee66b91 received.
[2026-04-07 18:49:27Z INFO JobDispatcher] Pull OrchestrationId e0ec651f-d6b1-41b5-8b1c-ff7635941219.deploy.__default from JWT claims
[2026-04-07 18:49:27Z INFO BrokerMessageListener] Received job status event. JobState: Busy
[2026-04-07 18:49:27Z INFO BrokerMessageListener] _getMessagesTokenSource is already disposed.
[2026-04-07 18:49:27Z INFO JobDispatcher] Job request 30a73923-4c93-5665-a3ee-4f968b15923e processed succeed.
[2026-04-07 18:49:27Z INFO Terminal] WRITE LINE: 2026-04-07 18:49:27Z: Running job: deploy
[2026-04-07 18:49:27Z INFO JobDispatcher] Start renew job request 0 for job d6c21417-0c92-5ccd-aad3-3d3bcee66b91.
[2026-04-07 18:49:28Z INFO JobDispatcher] Successfully renew job d6c21417-0c92-5ccd-aad3-3d3bcee66b91, job is valid till 2026-04-07 오후 6:59:28
[2026-04-07 18:49:28Z INFO HostContext] Well known directory 'Bin': 'C:\Users\sjlee\OneDrive\Desktop\오픈소스\actions-runner\bin'
[2026-04-07 18:49:28Z INFO ProcessInvokerWrapper] Starting process:
[2026-04-07 18:49:28Z INFO ProcessInvokerWrapper]   File name: 'C:\Users\sjlee\OneDrive\Desktop\오픈소스\actions-runner\bin\Runner.Worker.exe'
[2026-04-07 18:49:28Z INFO ProcessInvokerWrapper]   Arguments: 'spawnclient 2696 2708'
[2026-04-07 18:49:28Z INFO ProcessInvokerWrapper]   Working directory: 'C:\Users\sjlee\OneDrive\Desktop\오픈소스\actions-runner\bin'
[2026-04-07 18:49:28Z INFO ProcessInvokerWrapper]   Require exit code zero: 'False'
[2026-04-07 18:49:28Z INFO ProcessInvokerWrapper]   Encoding web name:  ; code page: ''
[2026-04-07 18:49:28Z INFO ProcessInvokerWrapper]   Force kill process on cancellation: 'True'
[2026-04-07 18:49:28Z INFO ProcessInvokerWrapper]   Redirected STDIN: 'False'
[2026-04-07 18:49:28Z INFO ProcessInvokerWrapper]   Persist current code page: 'False'
[2026-04-07 18:49:28Z INFO ProcessInvokerWrapper]   Keep redirected STDIN open: 'False'
[2026-04-07 18:49:28Z INFO ProcessInvokerWrapper]   High priority process: 'True'
[2026-04-07 18:49:28Z INFO ProcessInvokerWrapper] Process started with process id 27448, waiting for process exit.
[2026-04-07 18:49:28Z INFO JobDispatcher] Send job request message to worker for job d6c21417-0c92-5ccd-aad3-3d3bcee66b91.
[2026-04-07 18:49:28Z INFO ProcessChannel] Sending message of length 20703, with hash '20ba1a81f9846cf1717c55b344cc0215b33adcfc9edba995e5ac7ea3b5d37f33'
[2026-04-07 18:49:28Z INFO JobNotification] Entering JobStarted Notification
[2026-04-07 18:49:28Z INFO JobNotification] Entering StartMonitor
[2026-04-07 18:49:37Z INFO ProcessInvokerWrapper] STDOUT/STDERR stream read finished.
[2026-04-07 18:49:37Z INFO ProcessInvokerWrapper] STDOUT/STDERR stream read finished.
[2026-04-07 18:49:37Z INFO ProcessInvokerWrapper] Finished process 27448 with exit code 102, and elapsed time 00:00:09.6351801.
[2026-04-07 18:49:37Z INFO JobDispatcher] Worker finished for job d6c21417-0c92-5ccd-aad3-3d3bcee66b91. Code: 102
[2026-04-07 18:49:37Z INFO JobDispatcher] finish job request for job d6c21417-0c92-5ccd-aad3-3d3bcee66b91 with result: Failed
[2026-04-07 18:49:37Z INFO Terminal] WRITE LINE: 2026-04-07 18:49:37Z: Job deploy completed with result: Failed
[2026-04-07 18:49:37Z INFO JobDispatcher] Stop renew job request for job d6c21417-0c92-5ccd-aad3-3d3bcee66b91.
[2026-04-07 18:49:37Z INFO JobDispatcher] job renew has been cancelled, stop renew job d6c21417-0c92-5ccd-aad3-3d3bcee66b91.
[2026-04-07 18:49:37Z INFO JobNotification] Entering JobCompleted Notification
[2026-04-07 18:49:37Z INFO JobNotification] Entering EndMonitor
[2026-04-07 18:49:37Z INFO BrokerMessageListener] Received job status event. JobState: Online
[2026-04-07 18:49:37Z WARN GitHubActionsService] GET request to https://broker.actions.githubusercontent.com/message?sessionId=899563d4-9a5c-4531-9f78-9f88fe7c14d5&status=Busy&runnerVersion=2.333.1&os=Windows&architecture=X64&disableUpdate=false has been cancelled.
[2026-04-07 18:49:37Z ERR  BrokerServer] Catch exception during request
[2026-04-07 18:49:37Z ERR  BrokerServer] System.Threading.Tasks.TaskCanceledException: The operation was canceled.
 ---> System.Threading.Tasks.TaskCanceledException: The operation was canceled.
 ---> System.IO.IOException: Unable to read data from the transport connection: 스레드 종료 또는 응용 프로그램 요청 때문에 I/O 작업이 취소되었습니다..
 ---> System.Net.Sockets.SocketException (995): 스레드 종료 또는 응용 프로그램 요청 때문에 I/O 작업이 취소되었습니다.
   --- End of inner exception stack trace ---
   at System.Net.Sockets.Socket.AwaitableSocketAsyncEventArgs.System.Threading.Tasks.Sources.IValueTaskSource<System.Int32>.GetResult(Int16 token)
   at System.Net.Security.SslStream.EnsureFullTlsFrameAsync[TIOAdapter](CancellationToken cancellationToken, Int32 estimatedSize)
   at System.Runtime.CompilerServices.PoolingAsyncValueTaskMethodBuilder`1.StateMachineBox`1.System.Threading.Tasks.Sources.IValueTaskSource<TResult>.GetResult(Int16 token)
   at System.Net.Security.SslStream.ReadAsyncInternal[TIOAdapter](Memory`1 buffer, CancellationToken cancellationToken)
   at System.Runtime.CompilerServices.PoolingAsyncValueTaskMethodBuilder`1.StateMachineBox`1.System.Threading.Tasks.Sources.IValueTaskSource<TResult>.GetResult(Int16 token)
   at System.Net.Http.HttpConnection.SendAsync(HttpRequestMessage request, Boolean async, CancellationToken cancellationToken)
   --- End of inner exception stack trace ---
   at System.Net.Http.HttpConnection.SendAsync(HttpRequestMessage request, Boolean async, CancellationToken cancellationToken)
   at System.Net.Http.AuthenticationHelper.SendWithNtAuthAsync(HttpRequestMessage request, Uri authUri, Boolean async, ICredentials credentials, Boolean isProxyAuth, HttpConnection connection, HttpConnectionPool connectionPool, CancellationToken cancellationToken)
   at System.Net.Http.HttpConnectionPool.SendWithVersionDetectionAndRetryAsync(HttpRequestMessage request, Boolean async, Boolean doRequestAuth, CancellationToken cancellationToken)
   at System.Net.Http.AuthenticationHelper.SendWithAuthAsync(HttpRequestMessage request, Uri authUri, Boolean async, ICredentials credentials, Boolean preAuthenticate, Boolean isProxyAuth, Boolean doRequestAuth, HttpConnectionPool pool, CancellationToken cancellationToken)
   at System.Net.Http.RedirectHandler.SendAsync(HttpRequestMessage request, Boolean async, CancellationToken cancellationToken)
   at GitHub.Services.Common.RawHttpMessageHandler.SendAsync(HttpRequestMessage request, CancellationToken cancellationToken)
   at GitHub.Services.Common.VssHttpRetryMessageHandler.SendAsync(HttpRequestMessage request, CancellationToken cancellationToken)
   at System.Net.Http.HttpClient.<SendAsync>g__Core|83_0(HttpRequestMessage request, HttpCompletionOption completionOption, CancellationTokenSource cts, Boolean disposeCts, CancellationTokenSource pendingRequestsCts, CancellationToken originalCancellationToken)
   --- End of inner exception stack trace ---
   at System.Net.Http.HttpClient.HandleFailure(Exception e, Boolean telemetryStarted, HttpResponseMessage response, CancellationTokenSource cts, CancellationToken cancellationToken, CancellationTokenSource pendingRequestsCts)
   at System.Net.Http.HttpClient.<SendAsync>g__Core|83_0(HttpRequestMessage request, HttpCompletionOption completionOption, CancellationTokenSource cts, Boolean disposeCts, CancellationTokenSource pendingRequestsCts, CancellationToken originalCancellationToken)
   at Sdk.WebApi.WebApi.RawHttpClientBase.SendAsync(HttpRequestMessage message, HttpCompletionOption completionOption, Object userState, CancellationToken cancellationToken)
   at Sdk.WebApi.WebApi.RawHttpClientBase.SendAsync[T](HttpRequestMessage message, Boolean readErrorBody, Object userState, CancellationToken cancellationToken)
   at Sdk.WebApi.WebApi.RawHttpClientBase.SendAsync[T](HttpMethod method, IEnumerable`1 additionalHeaders, Uri requestUri, HttpContent content, IEnumerable`1 queryParameters, Boolean readErrorBody, Object userState, CancellationToken cancellationToken)
   at GitHub.Actions.RunService.WebApi.BrokerHttpClient.GetRunnerMessageAsync(Nullable`1 sessionId, String runnerVersion, Nullable`1 status, String os, String architecture, Nullable`1 disableUpdate, CancellationToken cancellationToken)
   at GitHub.Runner.Common.BrokerServer.<>c__DisplayClass7_0.<<GetRunnerMessageAsync>b__0>d.MoveNext()
--- End of stack trace from previous location ---
   at GitHub.Runner.Common.RunnerService.RetryRequest[T](Func`1 func, CancellationToken cancellationToken, Int32 maxAttempts, Func`2 shouldRetry)
[2026-04-07 18:49:37Z ERR  BrokerServer] #####################################################
[2026-04-07 18:49:37Z ERR  BrokerServer] System.Threading.Tasks.TaskCanceledException: The operation was canceled.
 ---> System.IO.IOException: Unable to read data from the transport connection: 스레드 종료 또는 응용 프로그램 요청 때문에 I/O 작업이 취소되었습니다..
 ---> System.Net.Sockets.SocketException (995): 스레드 종료 또는 응용 프로그램 요청 때문에 I/O 작업이 취소되었습니다.
   --- End of inner exception stack trace ---
   at System.Net.Sockets.Socket.AwaitableSocketAsyncEventArgs.System.Threading.Tasks.Sources.IValueTaskSource<System.Int32>.GetResult(Int16 token)
   at System.Net.Security.SslStream.EnsureFullTlsFrameAsync[TIOAdapter](CancellationToken cancellationToken, Int32 estimatedSize)
   at System.Runtime.CompilerServices.PoolingAsyncValueTaskMethodBuilder`1.StateMachineBox`1.System.Threading.Tasks.Sources.IValueTaskSource<TResult>.GetResult(Int16 token)
   at System.Net.Security.SslStream.ReadAsyncInternal[TIOAdapter](Memory`1 buffer, CancellationToken cancellationToken)
   at System.Runtime.CompilerServices.PoolingAsyncValueTaskMethodBuilder`1.StateMachineBox`1.System.Threading.Tasks.Sources.IValueTaskSource<TResult>.GetResult(Int16 token)
   at System.Net.Http.HttpConnection.SendAsync(HttpRequestMessage request, Boolean async, CancellationToken cancellationToken)
   --- End of inner exception stack trace ---
   at System.Net.Http.HttpConnection.SendAsync(HttpRequestMessage request, Boolean async, CancellationToken cancellationToken)
   at System.Net.Http.AuthenticationHelper.SendWithNtAuthAsync(HttpRequestMessage request, Uri authUri, Boolean async, ICredentials credentials, Boolean isProxyAuth, HttpConnection connection, HttpConnectionPool connectionPool, CancellationToken cancellationToken)
   at System.Net.Http.HttpConnectionPool.SendWithVersionDetectionAndRetryAsync(HttpRequestMessage request, Boolean async, Boolean doRequestAuth, CancellationToken cancellationToken)
   at System.Net.Http.AuthenticationHelper.SendWithAuthAsync(HttpRequestMessage request, Uri authUri, Boolean async, ICredentials credentials, Boolean preAuthenticate, Boolean isProxyAuth, Boolean doRequestAuth, HttpConnectionPool pool, CancellationToken cancellationToken)
   at System.Net.Http.RedirectHandler.SendAsync(HttpRequestMessage request, Boolean async, CancellationToken cancellationToken)
   at GitHub.Services.Common.RawHttpMessageHandler.SendAsync(HttpRequestMessage request, CancellationToken cancellationToken)
   at GitHub.Services.Common.VssHttpRetryMessageHandler.SendAsync(HttpRequestMessage request, CancellationToken cancellationToken)
   at System.Net.Http.HttpClient.<SendAsync>g__Core|83_0(HttpRequestMessage request, HttpCompletionOption completionOption, CancellationTokenSource cts, Boolean disposeCts, CancellationTokenSource pendingRequestsCts, CancellationToken originalCancellationToken)
[2026-04-07 18:49:37Z ERR  BrokerServer] #####################################################
[2026-04-07 18:49:37Z ERR  BrokerServer] System.IO.IOException: Unable to read data from the transport connection: 스레드 종료 또는 응용 프로그램 요청 때문에 I/O 작업이 취소되었습니다..
 ---> System.Net.Sockets.SocketException (995): 스레드 종료 또는 응용 프로그램 요청 때문에 I/O 작업이 취소되었습니다.
   --- End of inner exception stack trace ---
   at System.Net.Sockets.Socket.AwaitableSocketAsyncEventArgs.System.Threading.Tasks.Sources.IValueTaskSource<System.Int32>.GetResult(Int16 token)
   at System.Net.Security.SslStream.EnsureFullTlsFrameAsync[TIOAdapter](CancellationToken cancellationToken, Int32 estimatedSize)
   at System.Runtime.CompilerServices.PoolingAsyncValueTaskMethodBuilder`1.StateMachineBox`1.System.Threading.Tasks.Sources.IValueTaskSource<TResult>.GetResult(Int16 token)
   at System.Net.Security.SslStream.ReadAsyncInternal[TIOAdapter](Memory`1 buffer, CancellationToken cancellationToken)
   at System.Runtime.CompilerServices.PoolingAsyncValueTaskMethodBuilder`1.StateMachineBox`1.System.Threading.Tasks.Sources.IValueTaskSource<TResult>.GetResult(Int16 token)
   at System.Net.Http.HttpConnection.SendAsync(HttpRequestMessage request, Boolean async, CancellationToken cancellationToken)
[2026-04-07 18:49:37Z ERR  BrokerServer] #####################################################
[2026-04-07 18:49:37Z ERR  BrokerServer] System.Net.Sockets.SocketException (995): 스레드 종료 또는 응용 프로그램 요청 때문에 I/O 작업이 취소되었습니다.
[2026-04-07 18:49:37Z WARN BrokerServer] Back off 13.107 seconds before next retry. 4 attempt left.
[2026-04-07 18:49:37Z INFO BrokerMessageListener] Get messages has been cancelled using local token source. Continue to get messages with new status.
[2026-04-07 18:51:56Z INFO BrokerMessageListener] Acknowledging runner request 'c95b756e-8256-571b-868d-ca8bf600ff3d'.
[2026-04-07 18:51:56Z INFO ConfigurationStore] HasCredentials()
[2026-04-07 18:51:56Z INFO ConfigurationStore] stored True
[2026-04-07 18:51:56Z INFO CredentialManager] GetCredentialProvider
[2026-04-07 18:51:56Z INFO CredentialManager] Creating type OAuth
[2026-04-07 18:51:56Z INFO CredentialManager] Creating credential type: OAuth
[2026-04-07 18:51:56Z INFO RSAEncryptedFileKeyManager] Loading RSA key parameters from file C:\Users\sjlee\OneDrive\Desktop\오픈소스\actions-runner\.credentials_rsaparams
[2026-04-07 18:51:56Z INFO RSAEncryptedFileKeyManager] Loading RSA key parameters from file C:\Users\sjlee\OneDrive\Desktop\오픈소스\actions-runner\.credentials_rsaparams
[2026-04-07 18:51:56Z INFO RSAEncryptedFileKeyManager] Loading RSA key parameters from file C:\Users\sjlee\OneDrive\Desktop\오픈소스\actions-runner\.credentials_rsaparams
[2026-04-07 18:51:56Z INFO GitHubActionsService] AAD Correlation ID for this token request: Unknown
[2026-04-07 18:51:58Z INFO JobDispatcher] Job request 0 for plan a9865da8-3cd0-46c4-b201-e371cb894c4c job c95b756e-8256-571b-868d-ca8bf600ff3d received.
[2026-04-07 18:51:58Z INFO JobDispatcher] Pull OrchestrationId a9865da8-3cd0-46c4-b201-e371cb894c4c.deploy.__default from JWT claims
[2026-04-07 18:51:58Z INFO BrokerMessageListener] Received job status event. JobState: Busy
[2026-04-07 18:51:58Z INFO BrokerMessageListener] _getMessagesTokenSource is already disposed.
[2026-04-07 18:51:58Z INFO JobDispatcher] Job request d6c21417-0c92-5ccd-aad3-3d3bcee66b91 processed succeed.
[2026-04-07 18:51:58Z INFO Terminal] WRITE LINE: 2026-04-07 18:51:58Z: Running job: deploy
[2026-04-07 18:51:58Z INFO JobDispatcher] Start renew job request 0 for job c95b756e-8256-571b-868d-ca8bf600ff3d.
[2026-04-07 18:51:58Z INFO JobDispatcher] Successfully renew job c95b756e-8256-571b-868d-ca8bf600ff3d, job is valid till 2026-04-07 오후 7:01:58
[2026-04-07 18:51:58Z INFO HostContext] Well known directory 'Bin': 'C:\Users\sjlee\OneDrive\Desktop\오픈소스\actions-runner\bin'
[2026-04-07 18:51:58Z INFO ProcessInvokerWrapper] Starting process:
[2026-04-07 18:51:58Z INFO ProcessInvokerWrapper]   File name: 'C:\Users\sjlee\OneDrive\Desktop\오픈소스\actions-runner\bin\Runner.Worker.exe'
[2026-04-07 18:51:58Z INFO ProcessInvokerWrapper]   Arguments: 'spawnclient 2624 2484'
[2026-04-07 18:51:58Z INFO ProcessInvokerWrapper]   Working directory: 'C:\Users\sjlee\OneDrive\Desktop\오픈소스\actions-runner\bin'
[2026-04-07 18:51:58Z INFO ProcessInvokerWrapper]   Require exit code zero: 'False'
[2026-04-07 18:51:58Z INFO ProcessInvokerWrapper]   Encoding web name:  ; code page: ''
[2026-04-07 18:51:58Z INFO ProcessInvokerWrapper]   Force kill process on cancellation: 'True'
[2026-04-07 18:51:58Z INFO ProcessInvokerWrapper]   Redirected STDIN: 'False'
[2026-04-07 18:51:58Z INFO ProcessInvokerWrapper]   Persist current code page: 'False'
[2026-04-07 18:51:58Z INFO ProcessInvokerWrapper]   Keep redirected STDIN open: 'False'
[2026-04-07 18:51:58Z INFO ProcessInvokerWrapper]   High priority process: 'True'
[2026-04-07 18:51:58Z INFO ProcessInvokerWrapper] Process started with process id 17264, waiting for process exit.
[2026-04-07 18:51:58Z INFO JobDispatcher] Send job request message to worker for job c95b756e-8256-571b-868d-ca8bf600ff3d.
[2026-04-07 18:51:58Z INFO ProcessChannel] Sending message of length 21031, with hash '4c76f24a2958479b994b4ac7f9e618e8dc8c0973eb2d7d303d3e849d2dd8f088'
[2026-04-07 18:51:58Z INFO JobNotification] Entering JobStarted Notification
[2026-04-07 18:51:58Z INFO JobNotification] Entering StartMonitor
[2026-04-07 18:52:07Z INFO ProcessInvokerWrapper] STDOUT/STDERR stream read finished.
[2026-04-07 18:52:07Z INFO ProcessInvokerWrapper] STDOUT/STDERR stream read finished.
[2026-04-07 18:52:07Z INFO ProcessInvokerWrapper] Finished process 17264 with exit code 102, and elapsed time 00:00:09.2281890.
[2026-04-07 18:52:07Z INFO JobDispatcher] Worker finished for job c95b756e-8256-571b-868d-ca8bf600ff3d. Code: 102
[2026-04-07 18:52:07Z INFO JobDispatcher] finish job request for job c95b756e-8256-571b-868d-ca8bf600ff3d with result: Failed
[2026-04-07 18:52:07Z INFO Terminal] WRITE LINE: 2026-04-07 18:52:07Z: Job deploy completed with result: Failed
[2026-04-07 18:52:07Z INFO JobDispatcher] Stop renew job request for job c95b756e-8256-571b-868d-ca8bf600ff3d.
[2026-04-07 18:52:07Z INFO JobDispatcher] job renew has been cancelled, stop renew job c95b756e-8256-571b-868d-ca8bf600ff3d.
[2026-04-07 18:52:07Z INFO JobNotification] Entering JobCompleted Notification
[2026-04-07 18:52:07Z INFO JobNotification] Entering EndMonitor
[2026-04-07 18:52:07Z INFO BrokerMessageListener] Received job status event. JobState: Online
[2026-04-07 18:52:07Z WARN GitHubActionsService] GET request to https://broker.actions.githubusercontent.com/message?sessionId=899563d4-9a5c-4531-9f78-9f88fe7c14d5&status=Busy&runnerVersion=2.333.1&os=Windows&architecture=X64&disableUpdate=false has been cancelled.
[2026-04-07 18:52:07Z ERR  BrokerServer] Catch exception during request
[2026-04-07 18:52:07Z ERR  BrokerServer] System.Threading.Tasks.TaskCanceledException: The operation was canceled.
 ---> System.Threading.Tasks.TaskCanceledException: The operation was canceled.
 ---> System.IO.IOException: Unable to read data from the transport connection: 스레드 종료 또는 응용 프로그램 요청 때문에 I/O 작업이 취소되었습니다..
 ---> System.Net.Sockets.SocketException (995): 스레드 종료 또는 응용 프로그램 요청 때문에 I/O 작업이 취소되었습니다.
   --- End of inner exception stack trace ---
   at System.Net.Sockets.Socket.AwaitableSocketAsyncEventArgs.System.Threading.Tasks.Sources.IValueTaskSource<System.Int32>.GetResult(Int16 token)
   at System.Net.Security.SslStream.EnsureFullTlsFrameAsync[TIOAdapter](CancellationToken cancellationToken, Int32 estimatedSize)
   at System.Runtime.CompilerServices.PoolingAsyncValueTaskMethodBuilder`1.StateMachineBox`1.System.Threading.Tasks.Sources.IValueTaskSource<TResult>.GetResult(Int16 token)
   at System.Net.Security.SslStream.ReadAsyncInternal[TIOAdapter](Memory`1 buffer, CancellationToken cancellationToken)
   at System.Runtime.CompilerServices.PoolingAsyncValueTaskMethodBuilder`1.StateMachineBox`1.System.Threading.Tasks.Sources.IValueTaskSource<TResult>.GetResult(Int16 token)
   at System.Net.Http.HttpConnection.SendAsync(HttpRequestMessage request, Boolean async, CancellationToken cancellationToken)
   --- End of inner exception stack trace ---
   at System.Net.Http.HttpConnection.SendAsync(HttpRequestMessage request, Boolean async, CancellationToken cancellationToken)
   at System.Net.Http.AuthenticationHelper.SendWithNtAuthAsync(HttpRequestMessage request, Uri authUri, Boolean async, ICredentials credentials, Boolean isProxyAuth, HttpConnection connection, HttpConnectionPool connectionPool, CancellationToken cancellationToken)
   at System.Net.Http.HttpConnectionPool.SendWithVersionDetectionAndRetryAsync(HttpRequestMessage request, Boolean async, Boolean doRequestAuth, CancellationToken cancellationToken)
   at System.Net.Http.AuthenticationHelper.SendWithAuthAsync(HttpRequestMessage request, Uri authUri, Boolean async, ICredentials credentials, Boolean preAuthenticate, Boolean isProxyAuth, Boolean doRequestAuth, HttpConnectionPool pool, CancellationToken cancellationToken)
   at System.Net.Http.RedirectHandler.SendAsync(HttpRequestMessage request, Boolean async, CancellationToken cancellationToken)
   at GitHub.Services.Common.RawHttpMessageHandler.SendAsync(HttpRequestMessage request, CancellationToken cancellationToken)
   at GitHub.Services.Common.VssHttpRetryMessageHandler.SendAsync(HttpRequestMessage request, CancellationToken cancellationToken)
   at System.Net.Http.HttpClient.<SendAsync>g__Core|83_0(HttpRequestMessage request, HttpCompletionOption completionOption, CancellationTokenSource cts, Boolean disposeCts, CancellationTokenSource pendingRequestsCts, CancellationToken originalCancellationToken)
   --- End of inner exception stack trace ---
   at System.Net.Http.HttpClient.HandleFailure(Exception e, Boolean telemetryStarted, HttpResponseMessage response, CancellationTokenSource cts, CancellationToken cancellationToken, CancellationTokenSource pendingRequestsCts)
   at System.Net.Http.HttpClient.<SendAsync>g__Core|83_0(HttpRequestMessage request, HttpCompletionOption completionOption, CancellationTokenSource cts, Boolean disposeCts, CancellationTokenSource pendingRequestsCts, CancellationToken originalCancellationToken)
   at Sdk.WebApi.WebApi.RawHttpClientBase.SendAsync(HttpRequestMessage message, HttpCompletionOption completionOption, Object userState, CancellationToken cancellationToken)
   at Sdk.WebApi.WebApi.RawHttpClientBase.SendAsync[T](HttpRequestMessage message, Boolean readErrorBody, Object userState, CancellationToken cancellationToken)
   at Sdk.WebApi.WebApi.RawHttpClientBase.SendAsync[T](HttpMethod method, IEnumerable`1 additionalHeaders, Uri requestUri, HttpContent content, IEnumerable`1 queryParameters, Boolean readErrorBody, Object userState, CancellationToken cancellationToken)
   at GitHub.Actions.RunService.WebApi.BrokerHttpClient.GetRunnerMessageAsync(Nullable`1 sessionId, String runnerVersion, Nullable`1 status, String os, String architecture, Nullable`1 disableUpdate, CancellationToken cancellationToken)
   at GitHub.Runner.Common.BrokerServer.<>c__DisplayClass7_0.<<GetRunnerMessageAsync>b__0>d.MoveNext()
--- End of stack trace from previous location ---
   at GitHub.Runner.Common.RunnerService.RetryRequest[T](Func`1 func, CancellationToken cancellationToken, Int32 maxAttempts, Func`2 shouldRetry)
[2026-04-07 18:52:07Z ERR  BrokerServer] #####################################################
[2026-04-07 18:52:07Z ERR  BrokerServer] System.Threading.Tasks.TaskCanceledException: The operation was canceled.
 ---> System.IO.IOException: Unable to read data from the transport connection: 스레드 종료 또는 응용 프로그램 요청 때문에 I/O 작업이 취소되었습니다..
 ---> System.Net.Sockets.SocketException (995): 스레드 종료 또는 응용 프로그램 요청 때문에 I/O 작업이 취소되었습니다.
   --- End of inner exception stack trace ---
   at System.Net.Sockets.Socket.AwaitableSocketAsyncEventArgs.System.Threading.Tasks.Sources.IValueTaskSource<System.Int32>.GetResult(Int16 token)
   at System.Net.Security.SslStream.EnsureFullTlsFrameAsync[TIOAdapter](CancellationToken cancellationToken, Int32 estimatedSize)
   at System.Runtime.CompilerServices.PoolingAsyncValueTaskMethodBuilder`1.StateMachineBox`1.System.Threading.Tasks.Sources.IValueTaskSource<TResult>.GetResult(Int16 token)
   at System.Net.Security.SslStream.ReadAsyncInternal[TIOAdapter](Memory`1 buffer, CancellationToken cancellationToken)
   at System.Runtime.CompilerServices.PoolingAsyncValueTaskMethodBuilder`1.StateMachineBox`1.System.Threading.Tasks.Sources.IValueTaskSource<TResult>.GetResult(Int16 token)
   at System.Net.Http.HttpConnection.SendAsync(HttpRequestMessage request, Boolean async, CancellationToken cancellationToken)
   --- End of inner exception stack trace ---
   at System.Net.Http.HttpConnection.SendAsync(HttpRequestMessage request, Boolean async, CancellationToken cancellationToken)
   at System.Net.Http.AuthenticationHelper.SendWithNtAuthAsync(HttpRequestMessage request, Uri authUri, Boolean async, ICredentials credentials, Boolean isProxyAuth, HttpConnection connection, HttpConnectionPool connectionPool, CancellationToken cancellationToken)
   at System.Net.Http.HttpConnectionPool.SendWithVersionDetectionAndRetryAsync(HttpRequestMessage request, Boolean async, Boolean doRequestAuth, CancellationToken cancellationToken)
   at System.Net.Http.AuthenticationHelper.SendWithAuthAsync(HttpRequestMessage request, Uri authUri, Boolean async, ICredentials credentials, Boolean preAuthenticate, Boolean isProxyAuth, Boolean doRequestAuth, HttpConnectionPool pool, CancellationToken cancellationToken)
   at System.Net.Http.RedirectHandler.SendAsync(HttpRequestMessage request, Boolean async, CancellationToken cancellationToken)
   at GitHub.Services.Common.RawHttpMessageHandler.SendAsync(HttpRequestMessage request, CancellationToken cancellationToken)
   at GitHub.Services.Common.VssHttpRetryMessageHandler.SendAsync(HttpRequestMessage request, CancellationToken cancellationToken)
   at System.Net.Http.HttpClient.<SendAsync>g__Core|83_0(HttpRequestMessage request, HttpCompletionOption completionOption, CancellationTokenSource cts, Boolean disposeCts, CancellationTokenSource pendingRequestsCts, CancellationToken originalCancellationToken)
[2026-04-07 18:52:07Z ERR  BrokerServer] #####################################################
[2026-04-07 18:52:07Z ERR  BrokerServer] System.IO.IOException: Unable to read data from the transport connection: 스레드 종료 또는 응용 프로그램 요청 때문에 I/O 작업이 취소되었습니다..
 ---> System.Net.Sockets.SocketException (995): 스레드 종료 또는 응용 프로그램 요청 때문에 I/O 작업이 취소되었습니다.
   --- End of inner exception stack trace ---
   at System.Net.Sockets.Socket.AwaitableSocketAsyncEventArgs.System.Threading.Tasks.Sources.IValueTaskSource<System.Int32>.GetResult(Int16 token)
   at System.Net.Security.SslStream.EnsureFullTlsFrameAsync[TIOAdapter](CancellationToken cancellationToken, Int32 estimatedSize)
   at System.Runtime.CompilerServices.PoolingAsyncValueTaskMethodBuilder`1.StateMachineBox`1.System.Threading.Tasks.Sources.IValueTaskSource<TResult>.GetResult(Int16 token)
   at System.Net.Security.SslStream.ReadAsyncInternal[TIOAdapter](Memory`1 buffer, CancellationToken cancellationToken)
   at System.Runtime.CompilerServices.PoolingAsyncValueTaskMethodBuilder`1.StateMachineBox`1.System.Threading.Tasks.Sources.IValueTaskSource<TResult>.GetResult(Int16 token)
   at System.Net.Http.HttpConnection.SendAsync(HttpRequestMessage request, Boolean async, CancellationToken cancellationToken)
[2026-04-07 18:52:07Z ERR  BrokerServer] #####################################################
[2026-04-07 18:52:07Z ERR  BrokerServer] System.Net.Sockets.SocketException (995): 스레드 종료 또는 응용 프로그램 요청 때문에 I/O 작업이 취소되었습니다.
[2026-04-07 18:52:07Z WARN BrokerServer] Back off 14.358 seconds before next retry. 4 attempt left.
[2026-04-07 18:52:07Z INFO BrokerMessageListener] Get messages has been cancelled using local token source. Continue to get messages with new status.
[2026-04-07 18:56:43Z INFO BrokerMessageListener] Acknowledging runner request '9ed3926e-4089-51eb-8dbf-0bb40741386b'.
[2026-04-07 18:56:43Z INFO ConfigurationStore] HasCredentials()
[2026-04-07 18:56:43Z INFO ConfigurationStore] stored True
[2026-04-07 18:56:43Z INFO CredentialManager] GetCredentialProvider
[2026-04-07 18:56:43Z INFO CredentialManager] Creating type OAuth
[2026-04-07 18:56:43Z INFO CredentialManager] Creating credential type: OAuth
[2026-04-07 18:56:43Z INFO RSAEncryptedFileKeyManager] Loading RSA key parameters from file C:\Users\sjlee\OneDrive\Desktop\오픈소스\actions-runner\.credentials_rsaparams
[2026-04-07 18:56:43Z INFO RSAEncryptedFileKeyManager] Loading RSA key parameters from file C:\Users\sjlee\OneDrive\Desktop\오픈소스\actions-runner\.credentials_rsaparams
[2026-04-07 18:56:43Z INFO RSAEncryptedFileKeyManager] Loading RSA key parameters from file C:\Users\sjlee\OneDrive\Desktop\오픈소스\actions-runner\.credentials_rsaparams
[2026-04-07 18:56:44Z INFO GitHubActionsService] AAD Correlation ID for this token request: Unknown
[2026-04-07 18:56:45Z INFO JobDispatcher] Job request 0 for plan 75b54f92-6491-47db-b229-2035342638e4 job 9ed3926e-4089-51eb-8dbf-0bb40741386b received.
[2026-04-07 18:56:45Z INFO JobDispatcher] Pull OrchestrationId 75b54f92-6491-47db-b229-2035342638e4.deploy.__default from JWT claims
[2026-04-07 18:56:45Z INFO BrokerMessageListener] Received job status event. JobState: Busy
[2026-04-07 18:56:45Z INFO BrokerMessageListener] _getMessagesTokenSource is already disposed.
[2026-04-07 18:56:45Z INFO JobDispatcher] Job request c95b756e-8256-571b-868d-ca8bf600ff3d processed succeed.
[2026-04-07 18:56:45Z INFO Terminal] WRITE LINE: 2026-04-07 18:56:45Z: Running job: deploy
[2026-04-07 18:56:45Z INFO JobDispatcher] Start renew job request 0 for job 9ed3926e-4089-51eb-8dbf-0bb40741386b.
[2026-04-07 18:56:46Z INFO JobDispatcher] Successfully renew job 9ed3926e-4089-51eb-8dbf-0bb40741386b, job is valid till 2026-04-07 오후 7:06:45
[2026-04-07 18:56:46Z INFO HostContext] Well known directory 'Bin': 'C:\Users\sjlee\OneDrive\Desktop\오픈소스\actions-runner\bin'
[2026-04-07 18:56:46Z INFO ProcessInvokerWrapper] Starting process:
[2026-04-07 18:56:46Z INFO ProcessInvokerWrapper]   File name: 'C:\Users\sjlee\OneDrive\Desktop\오픈소스\actions-runner\bin\Runner.Worker.exe'
[2026-04-07 18:56:46Z INFO ProcessInvokerWrapper]   Arguments: 'spawnclient 2616 2644'
[2026-04-07 18:56:46Z INFO ProcessInvokerWrapper]   Working directory: 'C:\Users\sjlee\OneDrive\Desktop\오픈소스\actions-runner\bin'
[2026-04-07 18:56:46Z INFO ProcessInvokerWrapper]   Require exit code zero: 'False'
[2026-04-07 18:56:46Z INFO ProcessInvokerWrapper]   Encoding web name:  ; code page: ''
[2026-04-07 18:56:46Z INFO ProcessInvokerWrapper]   Force kill process on cancellation: 'True'
[2026-04-07 18:56:46Z INFO ProcessInvokerWrapper]   Redirected STDIN: 'False'
[2026-04-07 18:56:46Z INFO ProcessInvokerWrapper]   Persist current code page: 'False'
[2026-04-07 18:56:46Z INFO ProcessInvokerWrapper]   Keep redirected STDIN open: 'False'
[2026-04-07 18:56:46Z INFO ProcessInvokerWrapper]   High priority process: 'True'
[2026-04-07 18:56:46Z INFO ProcessInvokerWrapper] Process started with process id 5836, waiting for process exit.
[2026-04-07 18:56:46Z INFO JobDispatcher] Send job request message to worker for job 9ed3926e-4089-51eb-8dbf-0bb40741386b.
[2026-04-07 18:56:46Z INFO ProcessChannel] Sending message of length 20700, with hash 'e375f36ec10c5a8989eecab0b46573b1167ad1d1b8879fd482534c807b655bfa'
[2026-04-07 18:56:46Z INFO JobNotification] Entering JobStarted Notification
[2026-04-07 18:56:46Z INFO JobNotification] Entering StartMonitor
[2026-04-07 18:56:55Z INFO ProcessInvokerWrapper] STDOUT/STDERR stream read finished.
[2026-04-07 18:56:55Z INFO ProcessInvokerWrapper] STDOUT/STDERR stream read finished.
[2026-04-07 18:56:55Z INFO ProcessInvokerWrapper] Finished process 5836 with exit code 102, and elapsed time 00:00:09.6437752.
[2026-04-07 18:56:55Z INFO JobDispatcher] Worker finished for job 9ed3926e-4089-51eb-8dbf-0bb40741386b. Code: 102
[2026-04-07 18:56:55Z INFO JobDispatcher] finish job request for job 9ed3926e-4089-51eb-8dbf-0bb40741386b with result: Failed
[2026-04-07 18:56:55Z INFO Terminal] WRITE LINE: 2026-04-07 18:56:55Z: Job deploy completed with result: Failed
[2026-04-07 18:56:55Z INFO JobDispatcher] Stop renew job request for job 9ed3926e-4089-51eb-8dbf-0bb40741386b.
[2026-04-07 18:56:55Z INFO JobDispatcher] job renew has been cancelled, stop renew job 9ed3926e-4089-51eb-8dbf-0bb40741386b.
[2026-04-07 18:56:55Z INFO JobNotification] Entering JobCompleted Notification
[2026-04-07 18:56:55Z INFO JobNotification] Entering EndMonitor
[2026-04-07 18:56:55Z INFO BrokerMessageListener] Received job status event. JobState: Online
[2026-04-07 18:56:55Z WARN GitHubActionsService] GET request to https://broker.actions.githubusercontent.com/message?sessionId=899563d4-9a5c-4531-9f78-9f88fe7c14d5&status=Busy&runnerVersion=2.333.1&os=Windows&architecture=X64&disableUpdate=false has been cancelled.
[2026-04-07 18:56:55Z ERR  BrokerServer] Catch exception during request
[2026-04-07 18:56:55Z ERR  BrokerServer] System.Threading.Tasks.TaskCanceledException: The operation was canceled.
 ---> System.Threading.Tasks.TaskCanceledException: The operation was canceled.
 ---> System.IO.IOException: Unable to read data from the transport connection: 스레드 종료 또는 응용 프로그램 요청 때문에 I/O 작업이 취소되었습니다..
 ---> System.Net.Sockets.SocketException (995): 스레드 종료 또는 응용 프로그램 요청 때문에 I/O 작업이 취소되었습니다.
   --- End of inner exception stack trace ---
   at System.Net.Sockets.Socket.AwaitableSocketAsyncEventArgs.System.Threading.Tasks.Sources.IValueTaskSource<System.Int32>.GetResult(Int16 token)
   at System.Net.Security.SslStream.EnsureFullTlsFrameAsync[TIOAdapter](CancellationToken cancellationToken, Int32 estimatedSize)
   at System.Runtime.CompilerServices.PoolingAsyncValueTaskMethodBuilder`1.StateMachineBox`1.System.Threading.Tasks.Sources.IValueTaskSource<TResult>.GetResult(Int16 token)
   at System.Net.Security.SslStream.ReadAsyncInternal[TIOAdapter](Memory`1 buffer, CancellationToken cancellationToken)
   at System.Runtime.CompilerServices.PoolingAsyncValueTaskMethodBuilder`1.StateMachineBox`1.System.Threading.Tasks.Sources.IValueTaskSource<TResult>.GetResult(Int16 token)
   at System.Net.Http.HttpConnection.SendAsync(HttpRequestMessage request, Boolean async, CancellationToken cancellationToken)
   --- End of inner exception stack trace ---
   at System.Net.Http.HttpConnection.SendAsync(HttpRequestMessage request, Boolean async, CancellationToken cancellationToken)
   at System.Net.Http.AuthenticationHelper.SendWithNtAuthAsync(HttpRequestMessage request, Uri authUri, Boolean async, ICredentials credentials, Boolean isProxyAuth, HttpConnection connection, HttpConnectionPool connectionPool, CancellationToken cancellationToken)
   at System.Net.Http.HttpConnectionPool.SendWithVersionDetectionAndRetryAsync(HttpRequestMessage request, Boolean async, Boolean doRequestAuth, CancellationToken cancellationToken)
   at System.Net.Http.AuthenticationHelper.SendWithAuthAsync(HttpRequestMessage request, Uri authUri, Boolean async, ICredentials credentials, Boolean preAuthenticate, Boolean isProxyAuth, Boolean doRequestAuth, HttpConnectionPool pool, CancellationToken cancellationToken)
   at System.Net.Http.RedirectHandler.SendAsync(HttpRequestMessage request, Boolean async, CancellationToken cancellationToken)
   at GitHub.Services.Common.RawHttpMessageHandler.SendAsync(HttpRequestMessage request, CancellationToken cancellationToken)
   at GitHub.Services.Common.VssHttpRetryMessageHandler.SendAsync(HttpRequestMessage request, CancellationToken cancellationToken)
   at System.Net.Http.HttpClient.<SendAsync>g__Core|83_0(HttpRequestMessage request, HttpCompletionOption completionOption, CancellationTokenSource cts, Boolean disposeCts, CancellationTokenSource pendingRequestsCts, CancellationToken originalCancellationToken)
   --- End of inner exception stack trace ---
   at System.Net.Http.HttpClient.HandleFailure(Exception e, Boolean telemetryStarted, HttpResponseMessage response, CancellationTokenSource cts, CancellationToken cancellationToken, CancellationTokenSource pendingRequestsCts)
   at System.Net.Http.HttpClient.<SendAsync>g__Core|83_0(HttpRequestMessage request, HttpCompletionOption completionOption, CancellationTokenSource cts, Boolean disposeCts, CancellationTokenSource pendingRequestsCts, CancellationToken originalCancellationToken)
   at Sdk.WebApi.WebApi.RawHttpClientBase.SendAsync(HttpRequestMessage message, HttpCompletionOption completionOption, Object userState, CancellationToken cancellationToken)
   at Sdk.WebApi.WebApi.RawHttpClientBase.SendAsync[T](HttpRequestMessage message, Boolean readErrorBody, Object userState, CancellationToken cancellationToken)
   at Sdk.WebApi.WebApi.RawHttpClientBase.SendAsync[T](HttpMethod method, IEnumerable`1 additionalHeaders, Uri requestUri, HttpContent content, IEnumerable`1 queryParameters, Boolean readErrorBody, Object userState, CancellationToken cancellationToken)
   at GitHub.Actions.RunService.WebApi.BrokerHttpClient.GetRunnerMessageAsync(Nullable`1 sessionId, String runnerVersion, Nullable`1 status, String os, String architecture, Nullable`1 disableUpdate, CancellationToken cancellationToken)
   at GitHub.Runner.Common.BrokerServer.<>c__DisplayClass7_0.<<GetRunnerMessageAsync>b__0>d.MoveNext()
--- End of stack trace from previous location ---
   at GitHub.Runner.Common.RunnerService.RetryRequest[T](Func`1 func, CancellationToken cancellationToken, Int32 maxAttempts, Func`2 shouldRetry)
[2026-04-07 18:56:55Z ERR  BrokerServer] #####################################################
[2026-04-07 18:56:55Z ERR  BrokerServer] System.Threading.Tasks.TaskCanceledException: The operation was canceled.
 ---> System.IO.IOException: Unable to read data from the transport connection: 스레드 종료 또는 응용 프로그램 요청 때문에 I/O 작업이 취소되었습니다..
 ---> System.Net.Sockets.SocketException (995): 스레드 종료 또는 응용 프로그램 요청 때문에 I/O 작업이 취소되었습니다.
   --- End of inner exception stack trace ---
   at System.Net.Sockets.Socket.AwaitableSocketAsyncEventArgs.System.Threading.Tasks.Sources.IValueTaskSource<System.Int32>.GetResult(Int16 token)
   at System.Net.Security.SslStream.EnsureFullTlsFrameAsync[TIOAdapter](CancellationToken cancellationToken, Int32 estimatedSize)
   at System.Runtime.CompilerServices.PoolingAsyncValueTaskMethodBuilder`1.StateMachineBox`1.System.Threading.Tasks.Sources.IValueTaskSource<TResult>.GetResult(Int16 token)
   at System.Net.Security.SslStream.ReadAsyncInternal[TIOAdapter](Memory`1 buffer, CancellationToken cancellationToken)
   at System.Runtime.CompilerServices.PoolingAsyncValueTaskMethodBuilder`1.StateMachineBox`1.System.Threading.Tasks.Sources.IValueTaskSource<TResult>.GetResult(Int16 token)
   at System.Net.Http.HttpConnection.SendAsync(HttpRequestMessage request, Boolean async, CancellationToken cancellationToken)
   --- End of inner exception stack trace ---
   at System.Net.Http.HttpConnection.SendAsync(HttpRequestMessage request, Boolean async, CancellationToken cancellationToken)
   at System.Net.Http.AuthenticationHelper.SendWithNtAuthAsync(HttpRequestMessage request, Uri authUri, Boolean async, ICredentials credentials, Boolean isProxyAuth, HttpConnection connection, HttpConnectionPool connectionPool, CancellationToken cancellationToken)
   at System.Net.Http.HttpConnectionPool.SendWithVersionDetectionAndRetryAsync(HttpRequestMessage request, Boolean async, Boolean doRequestAuth, CancellationToken cancellationToken)
   at System.Net.Http.AuthenticationHelper.SendWithAuthAsync(HttpRequestMessage request, Uri authUri, Boolean async, ICredentials credentials, Boolean preAuthenticate, Boolean isProxyAuth, Boolean doRequestAuth, HttpConnectionPool pool, CancellationToken cancellationToken)
   at System.Net.Http.RedirectHandler.SendAsync(HttpRequestMessage request, Boolean async, CancellationToken cancellationToken)
   at GitHub.Services.Common.RawHttpMessageHandler.SendAsync(HttpRequestMessage request, CancellationToken cancellationToken)
   at GitHub.Services.Common.VssHttpRetryMessageHandler.SendAsync(HttpRequestMessage request, CancellationToken cancellationToken)
   at System.Net.Http.HttpClient.<SendAsync>g__Core|83_0(HttpRequestMessage request, HttpCompletionOption completionOption, CancellationTokenSource cts, Boolean disposeCts, CancellationTokenSource pendingRequestsCts, CancellationToken originalCancellationToken)
[2026-04-07 18:56:55Z ERR  BrokerServer] #####################################################
[2026-04-07 18:56:55Z ERR  BrokerServer] System.IO.IOException: Unable to read data from the transport connection: 스레드 종료 또는 응용 프로그램 요청 때문에 I/O 작업이 취소되었습니다..
 ---> System.Net.Sockets.SocketException (995): 스레드 종료 또는 응용 프로그램 요청 때문에 I/O 작업이 취소되었습니다.
   --- End of inner exception stack trace ---
   at System.Net.Sockets.Socket.AwaitableSocketAsyncEventArgs.System.Threading.Tasks.Sources.IValueTaskSource<System.Int32>.GetResult(Int16 token)
   at System.Net.Security.SslStream.EnsureFullTlsFrameAsync[TIOAdapter](CancellationToken cancellationToken, Int32 estimatedSize)
   at System.Runtime.CompilerServices.PoolingAsyncValueTaskMethodBuilder`1.StateMachineBox`1.System.Threading.Tasks.Sources.IValueTaskSource<TResult>.GetResult(Int16 token)
   at System.Net.Security.SslStream.ReadAsyncInternal[TIOAdapter](Memory`1 buffer, CancellationToken cancellationToken)
   at System.Runtime.CompilerServices.PoolingAsyncValueTaskMethodBuilder`1.StateMachineBox`1.System.Threading.Tasks.Sources.IValueTaskSource<TResult>.GetResult(Int16 token)
   at System.Net.Http.HttpConnection.SendAsync(HttpRequestMessage request, Boolean async, CancellationToken cancellationToken)
[2026-04-07 18:56:55Z ERR  BrokerServer] #####################################################
[2026-04-07 18:56:55Z ERR  BrokerServer] System.Net.Sockets.SocketException (995): 스레드 종료 또는 응용 프로그램 요청 때문에 I/O 작업이 취소되었습니다.
[2026-04-07 18:56:55Z WARN BrokerServer] Back off 6.854 seconds before next retry. 4 attempt left.
[2026-04-07 18:56:55Z INFO BrokerMessageListener] Get messages has been cancelled using local token source. Continue to get messages with new status.
[2026-04-07 19:02:18Z INFO BrokerMessageListener] Acknowledging runner request 'eb76de40-dbbe-544f-8837-a229b9508dd9'.
[2026-04-07 19:02:18Z INFO ConfigurationStore] HasCredentials()
[2026-04-07 19:02:18Z INFO ConfigurationStore] stored True
[2026-04-07 19:02:18Z INFO CredentialManager] GetCredentialProvider
[2026-04-07 19:02:18Z INFO CredentialManager] Creating type OAuth
[2026-04-07 19:02:18Z INFO CredentialManager] Creating credential type: OAuth
[2026-04-07 19:02:18Z INFO RSAEncryptedFileKeyManager] Loading RSA key parameters from file C:\Users\sjlee\OneDrive\Desktop\오픈소스\actions-runner\.credentials_rsaparams
[2026-04-07 19:02:18Z INFO RSAEncryptedFileKeyManager] Loading RSA key parameters from file C:\Users\sjlee\OneDrive\Desktop\오픈소스\actions-runner\.credentials_rsaparams
[2026-04-07 19:02:18Z INFO RSAEncryptedFileKeyManager] Loading RSA key parameters from file C:\Users\sjlee\OneDrive\Desktop\오픈소스\actions-runner\.credentials_rsaparams
[2026-04-07 19:02:19Z INFO GitHubActionsService] AAD Correlation ID for this token request: Unknown
[2026-04-07 19:02:20Z INFO JobDispatcher] Job request 0 for plan f9ea473f-44a2-4342-80a6-1a6c410627b5 job eb76de40-dbbe-544f-8837-a229b9508dd9 received.
[2026-04-07 19:02:20Z INFO JobDispatcher] Pull OrchestrationId f9ea473f-44a2-4342-80a6-1a6c410627b5.deploy.__default from JWT claims
[2026-04-07 19:02:20Z INFO BrokerMessageListener] Received job status event. JobState: Busy
[2026-04-07 19:02:20Z INFO BrokerMessageListener] _getMessagesTokenSource is already disposed.
[2026-04-07 19:02:20Z INFO JobDispatcher] Job request 9ed3926e-4089-51eb-8dbf-0bb40741386b processed succeed.
[2026-04-07 19:02:20Z INFO Terminal] WRITE LINE: 2026-04-07 19:02:20Z: Running job: deploy
[2026-04-07 19:02:20Z INFO JobDispatcher] Start renew job request 0 for job eb76de40-dbbe-544f-8837-a229b9508dd9.
[2026-04-07 19:02:20Z INFO JobDispatcher] Successfully renew job eb76de40-dbbe-544f-8837-a229b9508dd9, job is valid till 2026-04-07 오후 7:12:20
[2026-04-07 19:02:20Z INFO HostContext] Well known directory 'Bin': 'C:\Users\sjlee\OneDrive\Desktop\오픈소스\actions-runner\bin'
[2026-04-07 19:02:20Z INFO ProcessInvokerWrapper] Starting process:
[2026-04-07 19:02:20Z INFO ProcessInvokerWrapper]   File name: 'C:\Users\sjlee\OneDrive\Desktop\오픈소스\actions-runner\bin\Runner.Worker.exe'
[2026-04-07 19:02:20Z INFO ProcessInvokerWrapper]   Arguments: 'spawnclient 2916 2928'
[2026-04-07 19:02:20Z INFO ProcessInvokerWrapper]   Working directory: 'C:\Users\sjlee\OneDrive\Desktop\오픈소스\actions-runner\bin'
[2026-04-07 19:02:20Z INFO ProcessInvokerWrapper]   Require exit code zero: 'False'
[2026-04-07 19:02:20Z INFO ProcessInvokerWrapper]   Encoding web name:  ; code page: ''
[2026-04-07 19:02:20Z INFO ProcessInvokerWrapper]   Force kill process on cancellation: 'True'
[2026-04-07 19:02:20Z INFO ProcessInvokerWrapper]   Redirected STDIN: 'False'
[2026-04-07 19:02:20Z INFO ProcessInvokerWrapper]   Persist current code page: 'False'
[2026-04-07 19:02:20Z INFO ProcessInvokerWrapper]   Keep redirected STDIN open: 'False'
[2026-04-07 19:02:20Z INFO ProcessInvokerWrapper]   High priority process: 'True'
[2026-04-07 19:02:20Z INFO ProcessInvokerWrapper] Process started with process id 19408, waiting for process exit.
[2026-04-07 19:02:20Z INFO JobDispatcher] Send job request message to worker for job eb76de40-dbbe-544f-8837-a229b9508dd9.
[2026-04-07 19:02:20Z INFO ProcessChannel] Sending message of length 20851, with hash '1a6d8a357328cc77a83d63de2de801b30bd442ef936f3c5827b37d4c91e05350'
[2026-04-07 19:02:21Z INFO JobNotification] Entering JobStarted Notification
[2026-04-07 19:02:21Z INFO JobNotification] Entering StartMonitor
[2026-04-07 19:02:32Z INFO ProcessInvokerWrapper] STDOUT/STDERR stream read finished.
[2026-04-07 19:02:32Z INFO ProcessInvokerWrapper] STDOUT/STDERR stream read finished.
[2026-04-07 19:02:32Z INFO ProcessInvokerWrapper] Finished process 19408 with exit code 100, and elapsed time 00:00:11.6814540.
[2026-04-07 19:02:32Z INFO JobDispatcher] Worker finished for job eb76de40-dbbe-544f-8837-a229b9508dd9. Code: 100
[2026-04-07 19:02:32Z INFO JobDispatcher] finish job request for job eb76de40-dbbe-544f-8837-a229b9508dd9 with result: Succeeded
[2026-04-07 19:02:32Z INFO Terminal] WRITE LINE: 2026-04-07 19:02:32Z: Job deploy completed with result: Succeeded
[2026-04-07 19:02:32Z INFO JobDispatcher] Stop renew job request for job eb76de40-dbbe-544f-8837-a229b9508dd9.
[2026-04-07 19:02:32Z INFO JobDispatcher] job renew has been cancelled, stop renew job eb76de40-dbbe-544f-8837-a229b9508dd9.
[2026-04-07 19:02:32Z INFO JobNotification] Entering JobCompleted Notification
[2026-04-07 19:02:32Z INFO JobNotification] Entering EndMonitor
[2026-04-07 19:02:32Z INFO BrokerMessageListener] Received job status event. JobState: Online
[2026-04-07 19:02:32Z WARN GitHubActionsService] GET request to https://broker.actions.githubusercontent.com/message?sessionId=899563d4-9a5c-4531-9f78-9f88fe7c14d5&status=Busy&runnerVersion=2.333.1&os=Windows&architecture=X64&disableUpdate=false has been cancelled.
[2026-04-07 19:02:32Z ERR  BrokerServer] Catch exception during request
[2026-04-07 19:02:32Z ERR  BrokerServer] System.Threading.Tasks.TaskCanceledException: The operation was canceled.
 ---> System.Threading.Tasks.TaskCanceledException: The operation was canceled.
 ---> System.IO.IOException: Unable to read data from the transport connection: 스레드 종료 또는 응용 프로그램 요청 때문에 I/O 작업이 취소되었습니다..
 ---> System.Net.Sockets.SocketException (995): 스레드 종료 또는 응용 프로그램 요청 때문에 I/O 작업이 취소되었습니다.
   --- End of inner exception stack trace ---
   at System.Net.Sockets.Socket.AwaitableSocketAsyncEventArgs.System.Threading.Tasks.Sources.IValueTaskSource<System.Int32>.GetResult(Int16 token)
   at System.Net.Security.SslStream.EnsureFullTlsFrameAsync[TIOAdapter](CancellationToken cancellationToken, Int32 estimatedSize)
   at System.Runtime.CompilerServices.PoolingAsyncValueTaskMethodBuilder`1.StateMachineBox`1.System.Threading.Tasks.Sources.IValueTaskSource<TResult>.GetResult(Int16 token)
   at System.Net.Security.SslStream.ReadAsyncInternal[TIOAdapter](Memory`1 buffer, CancellationToken cancellationToken)
   at System.Runtime.CompilerServices.PoolingAsyncValueTaskMethodBuilder`1.StateMachineBox`1.System.Threading.Tasks.Sources.IValueTaskSource<TResult>.GetResult(Int16 token)
   at System.Net.Http.HttpConnection.SendAsync(HttpRequestMessage request, Boolean async, CancellationToken cancellationToken)
   --- End of inner exception stack trace ---
   at System.Net.Http.HttpConnection.SendAsync(HttpRequestMessage request, Boolean async, CancellationToken cancellationToken)
   at System.Net.Http.AuthenticationHelper.SendWithNtAuthAsync(HttpRequestMessage request, Uri authUri, Boolean async, ICredentials credentials, Boolean isProxyAuth, HttpConnection connection, HttpConnectionPool connectionPool, CancellationToken cancellationToken)
   at System.Net.Http.HttpConnectionPool.SendWithVersionDetectionAndRetryAsync(HttpRequestMessage request, Boolean async, Boolean doRequestAuth, CancellationToken cancellationToken)
   at System.Net.Http.AuthenticationHelper.SendWithAuthAsync(HttpRequestMessage request, Uri authUri, Boolean async, ICredentials credentials, Boolean preAuthenticate, Boolean isProxyAuth, Boolean doRequestAuth, HttpConnectionPool pool, CancellationToken cancellationToken)
   at System.Net.Http.RedirectHandler.SendAsync(HttpRequestMessage request, Boolean async, CancellationToken cancellationToken)
   at GitHub.Services.Common.RawHttpMessageHandler.SendAsync(HttpRequestMessage request, CancellationToken cancellationToken)
   at GitHub.Services.Common.VssHttpRetryMessageHandler.SendAsync(HttpRequestMessage request, CancellationToken cancellationToken)
   at System.Net.Http.HttpClient.<SendAsync>g__Core|83_0(HttpRequestMessage request, HttpCompletionOption completionOption, CancellationTokenSource cts, Boolean disposeCts, CancellationTokenSource pendingRequestsCts, CancellationToken originalCancellationToken)
   --- End of inner exception stack trace ---
   at System.Net.Http.HttpClient.HandleFailure(Exception e, Boolean telemetryStarted, HttpResponseMessage response, CancellationTokenSource cts, CancellationToken cancellationToken, CancellationTokenSource pendingRequestsCts)
   at System.Net.Http.HttpClient.<SendAsync>g__Core|83_0(HttpRequestMessage request, HttpCompletionOption completionOption, CancellationTokenSource cts, Boolean disposeCts, CancellationTokenSource pendingRequestsCts, CancellationToken originalCancellationToken)
   at Sdk.WebApi.WebApi.RawHttpClientBase.SendAsync(HttpRequestMessage message, HttpCompletionOption completionOption, Object userState, CancellationToken cancellationToken)
   at Sdk.WebApi.WebApi.RawHttpClientBase.SendAsync[T](HttpRequestMessage message, Boolean readErrorBody, Object userState, CancellationToken cancellationToken)
   at Sdk.WebApi.WebApi.RawHttpClientBase.SendAsync[T](HttpMethod method, IEnumerable`1 additionalHeaders, Uri requestUri, HttpContent content, IEnumerable`1 queryParameters, Boolean readErrorBody, Object userState, CancellationToken cancellationToken)
   at GitHub.Actions.RunService.WebApi.BrokerHttpClient.GetRunnerMessageAsync(Nullable`1 sessionId, String runnerVersion, Nullable`1 status, String os, String architecture, Nullable`1 disableUpdate, CancellationToken cancellationToken)
   at GitHub.Runner.Common.BrokerServer.<>c__DisplayClass7_0.<<GetRunnerMessageAsync>b__0>d.MoveNext()
--- End of stack trace from previous location ---
   at GitHub.Runner.Common.RunnerService.RetryRequest[T](Func`1 func, CancellationToken cancellationToken, Int32 maxAttempts, Func`2 shouldRetry)
[2026-04-07 19:02:32Z ERR  BrokerServer] #####################################################
[2026-04-07 19:02:32Z ERR  BrokerServer] System.Threading.Tasks.TaskCanceledException: The operation was canceled.
 ---> System.IO.IOException: Unable to read data from the transport connection: 스레드 종료 또는 응용 프로그램 요청 때문에 I/O 작업이 취소되었습니다..
 ---> System.Net.Sockets.SocketException (995): 스레드 종료 또는 응용 프로그램 요청 때문에 I/O 작업이 취소되었습니다.
   --- End of inner exception stack trace ---
   at System.Net.Sockets.Socket.AwaitableSocketAsyncEventArgs.System.Threading.Tasks.Sources.IValueTaskSource<System.Int32>.GetResult(Int16 token)
   at System.Net.Security.SslStream.EnsureFullTlsFrameAsync[TIOAdapter](CancellationToken cancellationToken, Int32 estimatedSize)
   at System.Runtime.CompilerServices.PoolingAsyncValueTaskMethodBuilder`1.StateMachineBox`1.System.Threading.Tasks.Sources.IValueTaskSource<TResult>.GetResult(Int16 token)
   at System.Net.Security.SslStream.ReadAsyncInternal[TIOAdapter](Memory`1 buffer, CancellationToken cancellationToken)
   at System.Runtime.CompilerServices.PoolingAsyncValueTaskMethodBuilder`1.StateMachineBox`1.System.Threading.Tasks.Sources.IValueTaskSource<TResult>.GetResult(Int16 token)
   at System.Net.Http.HttpConnection.SendAsync(HttpRequestMessage request, Boolean async, CancellationToken cancellationToken)
   --- End of inner exception stack trace ---
   at System.Net.Http.HttpConnection.SendAsync(HttpRequestMessage request, Boolean async, CancellationToken cancellationToken)
   at System.Net.Http.AuthenticationHelper.SendWithNtAuthAsync(HttpRequestMessage request, Uri authUri, Boolean async, ICredentials credentials, Boolean isProxyAuth, HttpConnection connection, HttpConnectionPool connectionPool, CancellationToken cancellationToken)
   at System.Net.Http.HttpConnectionPool.SendWithVersionDetectionAndRetryAsync(HttpRequestMessage request, Boolean async, Boolean doRequestAuth, CancellationToken cancellationToken)
   at System.Net.Http.AuthenticationHelper.SendWithAuthAsync(HttpRequestMessage request, Uri authUri, Boolean async, ICredentials credentials, Boolean preAuthenticate, Boolean isProxyAuth, Boolean doRequestAuth, HttpConnectionPool pool, CancellationToken cancellationToken)
   at System.Net.Http.RedirectHandler.SendAsync(HttpRequestMessage request, Boolean async, CancellationToken cancellationToken)
   at GitHub.Services.Common.RawHttpMessageHandler.SendAsync(HttpRequestMessage request, CancellationToken cancellationToken)
   at GitHub.Services.Common.VssHttpRetryMessageHandler.SendAsync(HttpRequestMessage request, CancellationToken cancellationToken)
   at System.Net.Http.HttpClient.<SendAsync>g__Core|83_0(HttpRequestMessage request, HttpCompletionOption completionOption, CancellationTokenSource cts, Boolean disposeCts, CancellationTokenSource pendingRequestsCts, CancellationToken originalCancellationToken)
[2026-04-07 19:02:32Z ERR  BrokerServer] #####################################################
[2026-04-07 19:02:32Z ERR  BrokerServer] System.IO.IOException: Unable to read data from the transport connection: 스레드 종료 또는 응용 프로그램 요청 때문에 I/O 작업이 취소되었습니다..
 ---> System.Net.Sockets.SocketException (995): 스레드 종료 또는 응용 프로그램 요청 때문에 I/O 작업이 취소되었습니다.
   --- End of inner exception stack trace ---
   at System.Net.Sockets.Socket.AwaitableSocketAsyncEventArgs.System.Threading.Tasks.Sources.IValueTaskSource<System.Int32>.GetResult(Int16 token)
   at System.Net.Security.SslStream.EnsureFullTlsFrameAsync[TIOAdapter](CancellationToken cancellationToken, Int32 estimatedSize)
   at System.Runtime.CompilerServices.PoolingAsyncValueTaskMethodBuilder`1.StateMachineBox`1.System.Threading.Tasks.Sources.IValueTaskSource<TResult>.GetResult(Int16 token)
   at System.Net.Security.SslStream.ReadAsyncInternal[TIOAdapter](Memory`1 buffer, CancellationToken cancellationToken)
   at System.Runtime.CompilerServices.PoolingAsyncValueTaskMethodBuilder`1.StateMachineBox`1.System.Threading.Tasks.Sources.IValueTaskSource<TResult>.GetResult(Int16 token)
   at System.Net.Http.HttpConnection.SendAsync(HttpRequestMessage request, Boolean async, CancellationToken cancellationToken)
[2026-04-07 19:02:32Z ERR  BrokerServer] #####################################################
[2026-04-07 19:02:32Z ERR  BrokerServer] System.Net.Sockets.SocketException (995): 스레드 종료 또는 응용 프로그램 요청 때문에 I/O 작업이 취소되었습니다.
[2026-04-07 19:02:32Z WARN BrokerServer] Back off 9.497 seconds before next retry. 4 attempt left.
[2026-04-07 19:02:32Z INFO BrokerMessageListener] Get messages has been cancelled using local token source. Continue to get messages with new status.
[2026-04-07 19:21:37Z INFO BrokerMessageListener] Acknowledging runner request '568f2149-b0e6-5052-8f3a-dafc5850c940'.
[2026-04-07 19:21:37Z INFO ConfigurationStore] HasCredentials()
[2026-04-07 19:21:37Z INFO ConfigurationStore] stored True
[2026-04-07 19:21:37Z INFO CredentialManager] GetCredentialProvider
[2026-04-07 19:21:37Z INFO CredentialManager] Creating type OAuth
[2026-04-07 19:21:37Z INFO CredentialManager] Creating credential type: OAuth
[2026-04-07 19:21:37Z INFO RSAEncryptedFileKeyManager] Loading RSA key parameters from file C:\Users\sjlee\OneDrive\Desktop\오픈소스\actions-runner\.credentials_rsaparams
[2026-04-07 19:21:37Z INFO RSAEncryptedFileKeyManager] Loading RSA key parameters from file C:\Users\sjlee\OneDrive\Desktop\오픈소스\actions-runner\.credentials_rsaparams
[2026-04-07 19:21:37Z INFO RSAEncryptedFileKeyManager] Loading RSA key parameters from file C:\Users\sjlee\OneDrive\Desktop\오픈소스\actions-runner\.credentials_rsaparams
[2026-04-07 19:21:38Z INFO GitHubActionsService] AAD Correlation ID for this token request: Unknown
[2026-04-07 19:21:39Z INFO JobDispatcher] Job request 0 for plan 89c726c5-5deb-4df7-82b5-4cd950d03fb7 job 568f2149-b0e6-5052-8f3a-dafc5850c940 received.
[2026-04-07 19:21:39Z INFO JobDispatcher] Pull OrchestrationId 89c726c5-5deb-4df7-82b5-4cd950d03fb7.deploy.__default from JWT claims
[2026-04-07 19:21:39Z INFO BrokerMessageListener] Received job status event. JobState: Busy
[2026-04-07 19:21:39Z INFO BrokerMessageListener] _getMessagesTokenSource is already disposed.
[2026-04-07 19:21:39Z INFO JobDispatcher] Job request eb76de40-dbbe-544f-8837-a229b9508dd9 processed succeed.
[2026-04-07 19:21:39Z INFO Terminal] WRITE LINE: 2026-04-07 19:21:39Z: Running job: deploy
[2026-04-07 19:21:39Z INFO JobDispatcher] Start renew job request 0 for job 568f2149-b0e6-5052-8f3a-dafc5850c940.
[2026-04-07 19:21:39Z INFO JobDispatcher] Successfully renew job 568f2149-b0e6-5052-8f3a-dafc5850c940, job is valid till 2026-04-07 오후 7:31:39
[2026-04-07 19:21:39Z INFO HostContext] Well known directory 'Bin': 'C:\Users\sjlee\OneDrive\Desktop\오픈소스\actions-runner\bin'
[2026-04-07 19:21:39Z INFO ProcessInvokerWrapper] Starting process:
[2026-04-07 19:21:39Z INFO ProcessInvokerWrapper]   File name: 'C:\Users\sjlee\OneDrive\Desktop\오픈소스\actions-runner\bin\Runner.Worker.exe'
[2026-04-07 19:21:39Z INFO ProcessInvokerWrapper]   Arguments: 'spawnclient 3116 3128'
[2026-04-07 19:21:39Z INFO ProcessInvokerWrapper]   Working directory: 'C:\Users\sjlee\OneDrive\Desktop\오픈소스\actions-runner\bin'
[2026-04-07 19:21:39Z INFO ProcessInvokerWrapper]   Require exit code zero: 'False'
[2026-04-07 19:21:39Z INFO ProcessInvokerWrapper]   Encoding web name:  ; code page: ''
[2026-04-07 19:21:39Z INFO ProcessInvokerWrapper]   Force kill process on cancellation: 'True'
[2026-04-07 19:21:39Z INFO ProcessInvokerWrapper]   Redirected STDIN: 'False'
[2026-04-07 19:21:39Z INFO ProcessInvokerWrapper]   Persist current code page: 'False'
[2026-04-07 19:21:39Z INFO ProcessInvokerWrapper]   Keep redirected STDIN open: 'False'
[2026-04-07 19:21:39Z INFO ProcessInvokerWrapper]   High priority process: 'True'
[2026-04-07 19:21:39Z INFO ProcessInvokerWrapper] Process started with process id 2308, waiting for process exit.
[2026-04-07 19:21:39Z INFO JobDispatcher] Send job request message to worker for job 568f2149-b0e6-5052-8f3a-dafc5850c940.
[2026-04-07 19:21:39Z INFO ProcessChannel] Sending message of length 20867, with hash '1fc08d8d38ad0fd82cd6987a8cfe6d2e002a73f27cfd9d2fe9d9f8ef517a5cc3'
[2026-04-07 19:21:40Z INFO JobNotification] Entering JobStarted Notification
[2026-04-07 19:21:40Z INFO JobNotification] Entering StartMonitor
[2026-04-07 19:21:52Z INFO ProcessInvokerWrapper] STDOUT/STDERR stream read finished.
[2026-04-07 19:21:52Z INFO ProcessInvokerWrapper] STDOUT/STDERR stream read finished.
[2026-04-07 19:21:52Z INFO ProcessInvokerWrapper] Finished process 2308 with exit code 100, and elapsed time 00:00:12.5413722.
[2026-04-07 19:21:52Z INFO JobDispatcher] Worker finished for job 568f2149-b0e6-5052-8f3a-dafc5850c940. Code: 100
[2026-04-07 19:21:52Z INFO JobDispatcher] finish job request for job 568f2149-b0e6-5052-8f3a-dafc5850c940 with result: Succeeded
[2026-04-07 19:21:52Z INFO Terminal] WRITE LINE: 2026-04-07 19:21:52Z: Job deploy completed with result: Succeeded
[2026-04-07 19:21:52Z INFO JobDispatcher] Stop renew job request for job 568f2149-b0e6-5052-8f3a-dafc5850c940.
[2026-04-07 19:21:52Z INFO JobDispatcher] job renew has been cancelled, stop renew job 568f2149-b0e6-5052-8f3a-dafc5850c940.
[2026-04-07 19:21:52Z INFO JobNotification] Entering JobCompleted Notification
[2026-04-07 19:21:52Z INFO JobNotification] Entering EndMonitor
[2026-04-07 19:21:52Z INFO BrokerMessageListener] Received job status event. JobState: Online
[2026-04-07 19:21:52Z WARN GitHubActionsService] GET request to https://broker.actions.githubusercontent.com/message?sessionId=899563d4-9a5c-4531-9f78-9f88fe7c14d5&status=Busy&runnerVersion=2.333.1&os=Windows&architecture=X64&disableUpdate=false has been cancelled.
[2026-04-07 19:21:52Z ERR  BrokerServer] Catch exception during request
[2026-04-07 19:21:52Z ERR  BrokerServer] System.Threading.Tasks.TaskCanceledException: The operation was canceled.
 ---> System.Threading.Tasks.TaskCanceledException: The operation was canceled.
 ---> System.IO.IOException: Unable to read data from the transport connection: 스레드 종료 또는 응용 프로그램 요청 때문에 I/O 작업이 취소되었습니다..
 ---> System.Net.Sockets.SocketException (995): 스레드 종료 또는 응용 프로그램 요청 때문에 I/O 작업이 취소되었습니다.
   --- End of inner exception stack trace ---
   at System.Net.Sockets.Socket.AwaitableSocketAsyncEventArgs.System.Threading.Tasks.Sources.IValueTaskSource<System.Int32>.GetResult(Int16 token)
   at System.Net.Security.SslStream.EnsureFullTlsFrameAsync[TIOAdapter](CancellationToken cancellationToken, Int32 estimatedSize)
   at System.Runtime.CompilerServices.PoolingAsyncValueTaskMethodBuilder`1.StateMachineBox`1.System.Threading.Tasks.Sources.IValueTaskSource<TResult>.GetResult(Int16 token)
   at System.Net.Security.SslStream.ReadAsyncInternal[TIOAdapter](Memory`1 buffer, CancellationToken cancellationToken)
   at System.Runtime.CompilerServices.PoolingAsyncValueTaskMethodBuilder`1.StateMachineBox`1.System.Threading.Tasks.Sources.IValueTaskSource<TResult>.GetResult(Int16 token)
   at System.Net.Http.HttpConnection.SendAsync(HttpRequestMessage request, Boolean async, CancellationToken cancellationToken)
   --- End of inner exception stack trace ---
   at System.Net.Http.HttpConnection.SendAsync(HttpRequestMessage request, Boolean async, CancellationToken cancellationToken)
   at System.Net.Http.AuthenticationHelper.SendWithNtAuthAsync(HttpRequestMessage request, Uri authUri, Boolean async, ICredentials credentials, Boolean isProxyAuth, HttpConnection connection, HttpConnectionPool connectionPool, CancellationToken cancellationToken)
   at System.Net.Http.HttpConnectionPool.SendWithVersionDetectionAndRetryAsync(HttpRequestMessage request, Boolean async, Boolean doRequestAuth, CancellationToken cancellationToken)
   at System.Net.Http.AuthenticationHelper.SendWithAuthAsync(HttpRequestMessage request, Uri authUri, Boolean async, ICredentials credentials, Boolean preAuthenticate, Boolean isProxyAuth, Boolean doRequestAuth, HttpConnectionPool pool, CancellationToken cancellationToken)
   at System.Net.Http.RedirectHandler.SendAsync(HttpRequestMessage request, Boolean async, CancellationToken cancellationToken)
   at GitHub.Services.Common.RawHttpMessageHandler.SendAsync(HttpRequestMessage request, CancellationToken cancellationToken)
   at GitHub.Services.Common.VssHttpRetryMessageHandler.SendAsync(HttpRequestMessage request, CancellationToken cancellationToken)
   at System.Net.Http.HttpClient.<SendAsync>g__Core|83_0(HttpRequestMessage request, HttpCompletionOption completionOption, CancellationTokenSource cts, Boolean disposeCts, CancellationTokenSource pendingRequestsCts, CancellationToken originalCancellationToken)
   --- End of inner exception stack trace ---
   at System.Net.Http.HttpClient.HandleFailure(Exception e, Boolean telemetryStarted, HttpResponseMessage response, CancellationTokenSource cts, CancellationToken cancellationToken, CancellationTokenSource pendingRequestsCts)
   at System.Net.Http.HttpClient.<SendAsync>g__Core|83_0(HttpRequestMessage request, HttpCompletionOption completionOption, CancellationTokenSource cts, Boolean disposeCts, CancellationTokenSource pendingRequestsCts, CancellationToken originalCancellationToken)
   at Sdk.WebApi.WebApi.RawHttpClientBase.SendAsync(HttpRequestMessage message, HttpCompletionOption completionOption, Object userState, CancellationToken cancellationToken)
   at Sdk.WebApi.WebApi.RawHttpClientBase.SendAsync[T](HttpRequestMessage message, Boolean readErrorBody, Object userState, CancellationToken cancellationToken)
   at Sdk.WebApi.WebApi.RawHttpClientBase.SendAsync[T](HttpMethod method, IEnumerable`1 additionalHeaders, Uri requestUri, HttpContent content, IEnumerable`1 queryParameters, Boolean readErrorBody, Object userState, CancellationToken cancellationToken)
   at GitHub.Actions.RunService.WebApi.BrokerHttpClient.GetRunnerMessageAsync(Nullable`1 sessionId, String runnerVersion, Nullable`1 status, String os, String architecture, Nullable`1 disableUpdate, CancellationToken cancellationToken)
   at GitHub.Runner.Common.BrokerServer.<>c__DisplayClass7_0.<<GetRunnerMessageAsync>b__0>d.MoveNext()
--- End of stack trace from previous location ---
   at GitHub.Runner.Common.RunnerService.RetryRequest[T](Func`1 func, CancellationToken cancellationToken, Int32 maxAttempts, Func`2 shouldRetry)
[2026-04-07 19:21:52Z ERR  BrokerServer] #####################################################
[2026-04-07 19:21:52Z ERR  BrokerServer] System.Threading.Tasks.TaskCanceledException: The operation was canceled.
 ---> System.IO.IOException: Unable to read data from the transport connection: 스레드 종료 또는 응용 프로그램 요청 때문에 I/O 작업이 취소되었습니다..
 ---> System.Net.Sockets.SocketException (995): 스레드 종료 또는 응용 프로그램 요청 때문에 I/O 작업이 취소되었습니다.
   --- End of inner exception stack trace ---
   at System.Net.Sockets.Socket.AwaitableSocketAsyncEventArgs.System.Threading.Tasks.Sources.IValueTaskSource<System.Int32>.GetResult(Int16 token)
   at System.Net.Security.SslStream.EnsureFullTlsFrameAsync[TIOAdapter](CancellationToken cancellationToken, Int32 estimatedSize)
   at System.Runtime.CompilerServices.PoolingAsyncValueTaskMethodBuilder`1.StateMachineBox`1.System.Threading.Tasks.Sources.IValueTaskSource<TResult>.GetResult(Int16 token)
   at System.Net.Security.SslStream.ReadAsyncInternal[TIOAdapter](Memory`1 buffer, CancellationToken cancellationToken)
   at System.Runtime.CompilerServices.PoolingAsyncValueTaskMethodBuilder`1.StateMachineBox`1.System.Threading.Tasks.Sources.IValueTaskSource<TResult>.GetResult(Int16 token)
   at System.Net.Http.HttpConnection.SendAsync(HttpRequestMessage request, Boolean async, CancellationToken cancellationToken)
   --- End of inner exception stack trace ---
   at System.Net.Http.HttpConnection.SendAsync(HttpRequestMessage request, Boolean async, CancellationToken cancellationToken)
   at System.Net.Http.AuthenticationHelper.SendWithNtAuthAsync(HttpRequestMessage request, Uri authUri, Boolean async, ICredentials credentials, Boolean isProxyAuth, HttpConnection connection, HttpConnectionPool connectionPool, CancellationToken cancellationToken)
   at System.Net.Http.HttpConnectionPool.SendWithVersionDetectionAndRetryAsync(HttpRequestMessage request, Boolean async, Boolean doRequestAuth, CancellationToken cancellationToken)
   at System.Net.Http.AuthenticationHelper.SendWithAuthAsync(HttpRequestMessage request, Uri authUri, Boolean async, ICredentials credentials, Boolean preAuthenticate, Boolean isProxyAuth, Boolean doRequestAuth, HttpConnectionPool pool, CancellationToken cancellationToken)
   at System.Net.Http.RedirectHandler.SendAsync(HttpRequestMessage request, Boolean async, CancellationToken cancellationToken)
   at GitHub.Services.Common.RawHttpMessageHandler.SendAsync(HttpRequestMessage request, CancellationToken cancellationToken)
   at GitHub.Services.Common.VssHttpRetryMessageHandler.SendAsync(HttpRequestMessage request, CancellationToken cancellationToken)
   at System.Net.Http.HttpClient.<SendAsync>g__Core|83_0(HttpRequestMessage request, HttpCompletionOption completionOption, CancellationTokenSource cts, Boolean disposeCts, CancellationTokenSource pendingRequestsCts, CancellationToken originalCancellationToken)
[2026-04-07 19:21:52Z ERR  BrokerServer] #####################################################
[2026-04-07 19:21:52Z ERR  BrokerServer] System.IO.IOException: Unable to read data from the transport connection: 스레드 종료 또는 응용 프로그램 요청 때문에 I/O 작업이 취소되었습니다..
 ---> System.Net.Sockets.SocketException (995): 스레드 종료 또는 응용 프로그램 요청 때문에 I/O 작업이 취소되었습니다.
   --- End of inner exception stack trace ---
   at System.Net.Sockets.Socket.AwaitableSocketAsyncEventArgs.System.Threading.Tasks.Sources.IValueTaskSource<System.Int32>.GetResult(Int16 token)
   at System.Net.Security.SslStream.EnsureFullTlsFrameAsync[TIOAdapter](CancellationToken cancellationToken, Int32 estimatedSize)
   at System.Runtime.CompilerServices.PoolingAsyncValueTaskMethodBuilder`1.StateMachineBox`1.System.Threading.Tasks.Sources.IValueTaskSource<TResult>.GetResult(Int16 token)
   at System.Net.Security.SslStream.ReadAsyncInternal[TIOAdapter](Memory`1 buffer, CancellationToken cancellationToken)
   at System.Runtime.CompilerServices.PoolingAsyncValueTaskMethodBuilder`1.StateMachineBox`1.System.Threading.Tasks.Sources.IValueTaskSource<TResult>.GetResult(Int16 token)
   at System.Net.Http.HttpConnection.SendAsync(HttpRequestMessage request, Boolean async, CancellationToken cancellationToken)
[2026-04-07 19:21:52Z ERR  BrokerServer] #####################################################
[2026-04-07 19:21:52Z ERR  BrokerServer] System.Net.Sockets.SocketException (995): 스레드 종료 또는 응용 프로그램 요청 때문에 I/O 작업이 취소되었습니다.
[2026-04-07 19:21:52Z WARN BrokerServer] Back off 10.808 seconds before next retry. 4 attempt left.
[2026-04-07 19:21:52Z INFO BrokerMessageListener] Get messages has been cancelled using local token source. Continue to get messages with new status.
[2026-04-07 19:23:33Z INFO RSAEncryptedFileKeyManager] Loading RSA key parameters from file C:\Users\sjlee\OneDrive\Desktop\오픈소스\actions-runner\.credentials_rsaparams
[2026-04-07 19:23:34Z INFO GitHubActionsService] AAD Correlation ID for this token request: Unknown
[2026-04-07 19:30:09Z INFO BrokerMessageListener] Acknowledging runner request 'c595ca97-95ab-591d-aff8-94e846043201'.
[2026-04-07 19:30:09Z INFO ConfigurationStore] HasCredentials()
[2026-04-07 19:30:09Z INFO ConfigurationStore] stored True
[2026-04-07 19:30:09Z INFO CredentialManager] GetCredentialProvider
[2026-04-07 19:30:09Z INFO CredentialManager] Creating type OAuth
[2026-04-07 19:30:09Z INFO CredentialManager] Creating credential type: OAuth
[2026-04-07 19:30:09Z INFO RSAEncryptedFileKeyManager] Loading RSA key parameters from file C:\Users\sjlee\OneDrive\Desktop\오픈소스\actions-runner\.credentials_rsaparams
[2026-04-07 19:30:09Z INFO RSAEncryptedFileKeyManager] Loading RSA key parameters from file C:\Users\sjlee\OneDrive\Desktop\오픈소스\actions-runner\.credentials_rsaparams
[2026-04-07 19:30:09Z INFO RSAEncryptedFileKeyManager] Loading RSA key parameters from file C:\Users\sjlee\OneDrive\Desktop\오픈소스\actions-runner\.credentials_rsaparams
[2026-04-07 19:30:10Z INFO GitHubActionsService] AAD Correlation ID for this token request: Unknown
[2026-04-07 19:30:12Z INFO JobDispatcher] Job request 0 for plan 1fb9a54b-5ca4-4f1f-9cb4-cc808d2395d8 job c595ca97-95ab-591d-aff8-94e846043201 received.
[2026-04-07 19:30:12Z INFO JobDispatcher] Pull OrchestrationId 1fb9a54b-5ca4-4f1f-9cb4-cc808d2395d8.deploy.__default from JWT claims
[2026-04-07 19:30:12Z INFO BrokerMessageListener] Received job status event. JobState: Busy
[2026-04-07 19:30:12Z INFO BrokerMessageListener] _getMessagesTokenSource is already disposed.
[2026-04-07 19:30:12Z INFO JobDispatcher] Job request 568f2149-b0e6-5052-8f3a-dafc5850c940 processed succeed.
[2026-04-07 19:30:12Z INFO Terminal] WRITE LINE: 2026-04-07 19:30:12Z: Running job: deploy
[2026-04-07 19:30:12Z INFO JobDispatcher] Start renew job request 0 for job c595ca97-95ab-591d-aff8-94e846043201.
[2026-04-07 19:30:13Z INFO JobDispatcher] Successfully renew job c595ca97-95ab-591d-aff8-94e846043201, job is valid till 2026-04-07 오후 7:40:12
[2026-04-07 19:30:13Z INFO HostContext] Well known directory 'Bin': 'C:\Users\sjlee\OneDrive\Desktop\오픈소스\actions-runner\bin'
[2026-04-07 19:30:13Z INFO ProcessInvokerWrapper] Starting process:
[2026-04-07 19:30:13Z INFO ProcessInvokerWrapper]   File name: 'C:\Users\sjlee\OneDrive\Desktop\오픈소스\actions-runner\bin\Runner.Worker.exe'
[2026-04-07 19:30:13Z INFO ProcessInvokerWrapper]   Arguments: 'spawnclient 3304 3372'
[2026-04-07 19:30:13Z INFO ProcessInvokerWrapper]   Working directory: 'C:\Users\sjlee\OneDrive\Desktop\오픈소스\actions-runner\bin'
[2026-04-07 19:30:13Z INFO ProcessInvokerWrapper]   Require exit code zero: 'False'
[2026-04-07 19:30:13Z INFO ProcessInvokerWrapper]   Encoding web name:  ; code page: ''
[2026-04-07 19:30:13Z INFO ProcessInvokerWrapper]   Force kill process on cancellation: 'True'
[2026-04-07 19:30:13Z INFO ProcessInvokerWrapper]   Redirected STDIN: 'False'
[2026-04-07 19:30:13Z INFO ProcessInvokerWrapper]   Persist current code page: 'False'
[2026-04-07 19:30:13Z INFO ProcessInvokerWrapper]   Keep redirected STDIN open: 'False'
[2026-04-07 19:30:13Z INFO ProcessInvokerWrapper]   High priority process: 'True'
[2026-04-07 19:30:13Z INFO ProcessInvokerWrapper] Process started with process id 24796, waiting for process exit.
[2026-04-07 19:30:13Z INFO JobDispatcher] Send job request message to worker for job c595ca97-95ab-591d-aff8-94e846043201.
[2026-04-07 19:30:13Z INFO ProcessChannel] Sending message of length 20860, with hash '9f1de5bc3750a1c17c72e094eb2e36c7b256d9e0db7cdaa47b26f3c16866e182'
[2026-04-07 19:30:13Z INFO JobNotification] Entering JobStarted Notification
[2026-04-07 19:30:13Z INFO JobNotification] Entering StartMonitor
[2026-04-07 19:30:28Z INFO ProcessInvokerWrapper] STDOUT/STDERR stream read finished.
[2026-04-07 19:30:28Z INFO ProcessInvokerWrapper] STDOUT/STDERR stream read finished.
[2026-04-07 19:30:28Z INFO ProcessInvokerWrapper] Finished process 24796 with exit code 100, and elapsed time 00:00:15.6175647.
[2026-04-07 19:30:28Z INFO JobDispatcher] Worker finished for job c595ca97-95ab-591d-aff8-94e846043201. Code: 100
[2026-04-07 19:30:28Z INFO JobDispatcher] finish job request for job c595ca97-95ab-591d-aff8-94e846043201 with result: Succeeded
[2026-04-07 19:30:28Z INFO Terminal] WRITE LINE: 2026-04-07 19:30:28Z: Job deploy completed with result: Succeeded
[2026-04-07 19:30:28Z INFO JobDispatcher] Stop renew job request for job c595ca97-95ab-591d-aff8-94e846043201.
[2026-04-07 19:30:28Z INFO JobDispatcher] job renew has been cancelled, stop renew job c595ca97-95ab-591d-aff8-94e846043201.
[2026-04-07 19:30:28Z INFO JobNotification] Entering JobCompleted Notification
[2026-04-07 19:30:28Z INFO JobNotification] Entering EndMonitor
[2026-04-07 19:30:28Z INFO BrokerMessageListener] Received job status event. JobState: Online
[2026-04-07 19:30:28Z WARN GitHubActionsService] GET request to https://broker.actions.githubusercontent.com/message?sessionId=899563d4-9a5c-4531-9f78-9f88fe7c14d5&status=Busy&runnerVersion=2.333.1&os=Windows&architecture=X64&disableUpdate=false has been cancelled.
[2026-04-07 19:30:28Z ERR  BrokerServer] Catch exception during request
[2026-04-07 19:30:28Z ERR  BrokerServer] System.Threading.Tasks.TaskCanceledException: The operation was canceled.
 ---> System.Threading.Tasks.TaskCanceledException: The operation was canceled.
 ---> System.IO.IOException: Unable to read data from the transport connection: 스레드 종료 또는 응용 프로그램 요청 때문에 I/O 작업이 취소되었습니다..
 ---> System.Net.Sockets.SocketException (995): 스레드 종료 또는 응용 프로그램 요청 때문에 I/O 작업이 취소되었습니다.
   --- End of inner exception stack trace ---
   at System.Net.Sockets.Socket.AwaitableSocketAsyncEventArgs.System.Threading.Tasks.Sources.IValueTaskSource<System.Int32>.GetResult(Int16 token)
   at System.Net.Security.SslStream.EnsureFullTlsFrameAsync[TIOAdapter](CancellationToken cancellationToken, Int32 estimatedSize)
   at System.Runtime.CompilerServices.PoolingAsyncValueTaskMethodBuilder`1.StateMachineBox`1.System.Threading.Tasks.Sources.IValueTaskSource<TResult>.GetResult(Int16 token)
   at System.Net.Security.SslStream.ReadAsyncInternal[TIOAdapter](Memory`1 buffer, CancellationToken cancellationToken)
   at System.Runtime.CompilerServices.PoolingAsyncValueTaskMethodBuilder`1.StateMachineBox`1.System.Threading.Tasks.Sources.IValueTaskSource<TResult>.GetResult(Int16 token)
   at System.Net.Http.HttpConnection.SendAsync(HttpRequestMessage request, Boolean async, CancellationToken cancellationToken)
   --- End of inner exception stack trace ---
   at System.Net.Http.HttpConnection.SendAsync(HttpRequestMessage request, Boolean async, CancellationToken cancellationToken)
   at System.Net.Http.AuthenticationHelper.SendWithNtAuthAsync(HttpRequestMessage request, Uri authUri, Boolean async, ICredentials credentials, Boolean isProxyAuth, HttpConnection connection, HttpConnectionPool connectionPool, CancellationToken cancellationToken)
   at System.Net.Http.HttpConnectionPool.SendWithVersionDetectionAndRetryAsync(HttpRequestMessage request, Boolean async, Boolean doRequestAuth, CancellationToken cancellationToken)
   at System.Net.Http.AuthenticationHelper.SendWithAuthAsync(HttpRequestMessage request, Uri authUri, Boolean async, ICredentials credentials, Boolean preAuthenticate, Boolean isProxyAuth, Boolean doRequestAuth, HttpConnectionPool pool, CancellationToken cancellationToken)
   at System.Net.Http.RedirectHandler.SendAsync(HttpRequestMessage request, Boolean async, CancellationToken cancellationToken)
   at GitHub.Services.Common.RawHttpMessageHandler.SendAsync(HttpRequestMessage request, CancellationToken cancellationToken)
   at GitHub.Services.Common.VssHttpRetryMessageHandler.SendAsync(HttpRequestMessage request, CancellationToken cancellationToken)
   at System.Net.Http.HttpClient.<SendAsync>g__Core|83_0(HttpRequestMessage request, HttpCompletionOption completionOption, CancellationTokenSource cts, Boolean disposeCts, CancellationTokenSource pendingRequestsCts, CancellationToken originalCancellationToken)
   --- End of inner exception stack trace ---
   at System.Net.Http.HttpClient.HandleFailure(Exception e, Boolean telemetryStarted, HttpResponseMessage response, CancellationTokenSource cts, CancellationToken cancellationToken, CancellationTokenSource pendingRequestsCts)
   at System.Net.Http.HttpClient.<SendAsync>g__Core|83_0(HttpRequestMessage request, HttpCompletionOption completionOption, CancellationTokenSource cts, Boolean disposeCts, CancellationTokenSource pendingRequestsCts, CancellationToken originalCancellationToken)
   at Sdk.WebApi.WebApi.RawHttpClientBase.SendAsync(HttpRequestMessage message, HttpCompletionOption completionOption, Object userState, CancellationToken cancellationToken)
   at Sdk.WebApi.WebApi.RawHttpClientBase.SendAsync[T](HttpRequestMessage message, Boolean readErrorBody, Object userState, CancellationToken cancellationToken)
   at Sdk.WebApi.WebApi.RawHttpClientBase.SendAsync[T](HttpMethod method, IEnumerable`1 additionalHeaders, Uri requestUri, HttpContent content, IEnumerable`1 queryParameters, Boolean readErrorBody, Object userState, CancellationToken cancellationToken)
   at GitHub.Actions.RunService.WebApi.BrokerHttpClient.GetRunnerMessageAsync(Nullable`1 sessionId, String runnerVersion, Nullable`1 status, String os, String architecture, Nullable`1 disableUpdate, CancellationToken cancellationToken)
   at GitHub.Runner.Common.BrokerServer.<>c__DisplayClass7_0.<<GetRunnerMessageAsync>b__0>d.MoveNext()
--- End of stack trace from previous location ---
   at GitHub.Runner.Common.RunnerService.RetryRequest[T](Func`1 func, CancellationToken cancellationToken, Int32 maxAttempts, Func`2 shouldRetry)
[2026-04-07 19:30:28Z ERR  BrokerServer] #####################################################
[2026-04-07 19:30:28Z ERR  BrokerServer] System.Threading.Tasks.TaskCanceledException: The operation was canceled.
 ---> System.IO.IOException: Unable to read data from the transport connection: 스레드 종료 또는 응용 프로그램 요청 때문에 I/O 작업이 취소되었습니다..
 ---> System.Net.Sockets.SocketException (995): 스레드 종료 또는 응용 프로그램 요청 때문에 I/O 작업이 취소되었습니다.
   --- End of inner exception stack trace ---
   at System.Net.Sockets.Socket.AwaitableSocketAsyncEventArgs.System.Threading.Tasks.Sources.IValueTaskSource<System.Int32>.GetResult(Int16 token)
   at System.Net.Security.SslStream.EnsureFullTlsFrameAsync[TIOAdapter](CancellationToken cancellationToken, Int32 estimatedSize)
   at System.Runtime.CompilerServices.PoolingAsyncValueTaskMethodBuilder`1.StateMachineBox`1.System.Threading.Tasks.Sources.IValueTaskSource<TResult>.GetResult(Int16 token)
   at System.Net.Security.SslStream.ReadAsyncInternal[TIOAdapter](Memory`1 buffer, CancellationToken cancellationToken)
   at System.Runtime.CompilerServices.PoolingAsyncValueTaskMethodBuilder`1.StateMachineBox`1.System.Threading.Tasks.Sources.IValueTaskSource<TResult>.GetResult(Int16 token)
   at System.Net.Http.HttpConnection.SendAsync(HttpRequestMessage request, Boolean async, CancellationToken cancellationToken)
   --- End of inner exception stack trace ---
   at System.Net.Http.HttpConnection.SendAsync(HttpRequestMessage request, Boolean async, CancellationToken cancellationToken)
   at System.Net.Http.AuthenticationHelper.SendWithNtAuthAsync(HttpRequestMessage request, Uri authUri, Boolean async, ICredentials credentials, Boolean isProxyAuth, HttpConnection connection, HttpConnectionPool connectionPool, CancellationToken cancellationToken)
   at System.Net.Http.HttpConnectionPool.SendWithVersionDetectionAndRetryAsync(HttpRequestMessage request, Boolean async, Boolean doRequestAuth, CancellationToken cancellationToken)
   at System.Net.Http.AuthenticationHelper.SendWithAuthAsync(HttpRequestMessage request, Uri authUri, Boolean async, ICredentials credentials, Boolean preAuthenticate, Boolean isProxyAuth, Boolean doRequestAuth, HttpConnectionPool pool, CancellationToken cancellationToken)
   at System.Net.Http.RedirectHandler.SendAsync(HttpRequestMessage request, Boolean async, CancellationToken cancellationToken)
   at GitHub.Services.Common.RawHttpMessageHandler.SendAsync(HttpRequestMessage request, CancellationToken cancellationToken)
   at GitHub.Services.Common.VssHttpRetryMessageHandler.SendAsync(HttpRequestMessage request, CancellationToken cancellationToken)
   at System.Net.Http.HttpClient.<SendAsync>g__Core|83_0(HttpRequestMessage request, HttpCompletionOption completionOption, CancellationTokenSource cts, Boolean disposeCts, CancellationTokenSource pendingRequestsCts, CancellationToken originalCancellationToken)
[2026-04-07 19:30:28Z ERR  BrokerServer] #####################################################
[2026-04-07 19:30:28Z ERR  BrokerServer] System.IO.IOException: Unable to read data from the transport connection: 스레드 종료 또는 응용 프로그램 요청 때문에 I/O 작업이 취소되었습니다..
 ---> System.Net.Sockets.SocketException (995): 스레드 종료 또는 응용 프로그램 요청 때문에 I/O 작업이 취소되었습니다.
   --- End of inner exception stack trace ---
   at System.Net.Sockets.Socket.AwaitableSocketAsyncEventArgs.System.Threading.Tasks.Sources.IValueTaskSource<System.Int32>.GetResult(Int16 token)
   at System.Net.Security.SslStream.EnsureFullTlsFrameAsync[TIOAdapter](CancellationToken cancellationToken, Int32 estimatedSize)
   at System.Runtime.CompilerServices.PoolingAsyncValueTaskMethodBuilder`1.StateMachineBox`1.System.Threading.Tasks.Sources.IValueTaskSource<TResult>.GetResult(Int16 token)
   at System.Net.Security.SslStream.ReadAsyncInternal[TIOAdapter](Memory`1 buffer, CancellationToken cancellationToken)
   at System.Runtime.CompilerServices.PoolingAsyncValueTaskMethodBuilder`1.StateMachineBox`1.System.Threading.Tasks.Sources.IValueTaskSource<TResult>.GetResult(Int16 token)
   at System.Net.Http.HttpConnection.SendAsync(HttpRequestMessage request, Boolean async, CancellationToken cancellationToken)
[2026-04-07 19:30:28Z ERR  BrokerServer] #####################################################
[2026-04-07 19:30:28Z ERR  BrokerServer] System.Net.Sockets.SocketException (995): 스레드 종료 또는 응용 프로그램 요청 때문에 I/O 작업이 취소되었습니다.
[2026-04-07 19:30:28Z WARN BrokerServer] Back off 6.693 seconds before next retry. 4 attempt left.
[2026-04-07 19:30:28Z INFO BrokerMessageListener] Get messages has been cancelled using local token source. Continue to get messages with new status.
